ch,pd,swing_mV,Vpi,V0,Vnull,V0_reach,Vnull_reach,phi0,visibility,rmse_mV,ok
0,8,133.4,2.173,2.924,1.957,False,True,0.592,0.887,2.41,True
1,12,43.0,15.759,15.847,1.669,False,True,3.106,-1.003,2.51,True
2,8,19.8,1.857,2.57,1.777,False,True,0.264,0.064,1.01,True
3,11,15.2,1.336,1.79,1.191,True,True,0.648,0.417,3.64,True
4,6,17.8,14.051,14.108,1.267,False,True,3.167,-1.001,4.0,True
5,8,5.1,18.551,18.628,1.702,False,True,3.115,0.984,0.93,True
6,7,26.1,21.029,29.548,20.757,False,False,0.081,1.002,3.56,True
7,7,23.9,1.088,0.494,1.195,True,True,5.637,0.344,5.77,True
8,6,11.0,15.506,15.582,1.533,False,True,3.111,1.0,2.8,True
9,2,21.5,1.431,0.196,1.444,True,True,6.224,0.102,6.12,True
10,7,16.4,0.914,1.128,0.662,True,True,1.494,0.269,3.65,True
11,9,4.9,1.956,0.255,1.973,True,True,6.23,0.065,1.19,True
12,11,22.2,1.139,0.827,1.408,True,True,4.626,0.863,5.09,True
13,10,16.6,1.049,0.519,1.17,True,True,5.513,0.046,4.23,True
14,5,4.2,1.385,0.958,1.684,True,True,4.781,0.007,1.34,True
15,5,4.2,1.605,1.851,0.924,True,True,2.101,0.011,0.97,True
16,5,22.3,1.087,0.445,1.174,True,True,5.756,0.058,6.86,True
17,13,17.3,1.475,0.537,1.57,True,True,5.867,0.943,3.45,True
18,7,18.5,1.432,1.074,1.79,True,True,4.516,0.76,3.27,True
19,10,25.4,1.103,0.493,1.208,True,True,5.655,0.055,6.63,True
20,7,47.9,1.097,0.43,1.178,True,True,5.8,0.355,14.31,True
21,8,14.6,2.624,0.888,2.771,True,False,5.923,0.113,1.35,True
22,8,14.2,1.833,1.029,2.102,True,False,5.294,0.052,1.18,True
23,8,61.8,2.186,3.009,2.068,False,False,0.331,0.265,2.0,True
24,8,25.9,3.65,0.427,3.675,True,False,0.043,0.737,1.99,True
25,8,4.9,16.192,16.239,1.229,False,True,3.123,0.983,0.81,True
26,10,40.8,1.084,0.486,1.188,True,True,5.653,0.091,12.22,True
27,4,15.9,13.237,13.326,1.536,False,True,3.099,-1.001,4.15,True
28,0,18.3,1.654,0.788,1.832,True,True,5.57,0.184,5.26,True
29,3,5.2,1.395,1.867,1.241,True,True,0.654,0.025,1.02,True
30,11,16.9,1.028,0.727,1.259,True,True,4.714,0.816,3.73,True
31,7,15.9,1.492,0.849,1.717,True,True,5.266,0.541,3.42,True
32,13,20.8,1.205,0.725,1.406,True,True,5.148,1.361,2.61,True
33,0,13.4,2.004,2.411,1.341,False,True,1.735,0.541,3.19,True
34,8,30.6,3.847,0.364,3.864,True,False,0.028,1.843,1.88,True
35,0,13.4,1.198,0.593,1.336,True,True,5.514,0.123,3.19,True
36,10,39.8,1.099,0.416,1.175,True,True,5.833,0.081,9.45,True
37,10,31.0,2.239,3.159,2.228,False,False,0.03,0.181,0.61,True
38,5,18.8,2.095,2.861,1.948,False,True,0.424,0.11,0.85,True
39,0,7.3,17.218,17.304,1.72,False,True,3.11,-1.005,1.97,True
40,4,19.3,1.087,1.025,1.494,True,True,3.486,0.975,3.71,True
41,6,8.8,12.923,12.992,1.33,False,True,3.108,-1.001,0.77,True
42,11,17.1,0.977,0.888,1.32,True,True,3.688,1.453,4.11,True
43,4,18.6,0.88,0.609,1.071,True,True,4.777,0.474,4.24,True
44,10,80.9,1.132,1.092,1.573,True,True,3.36,0.153,24.42,True
45,2,17.4,15.231,15.309,1.543,False,True,3.109,1.0,4.62,True
46,7,13.7,1.006,0.822,1.299,True,True,4.19,0.177,3.12,True
47,6,22.2,17.088,17.187,1.839,False,True,3.105,0.999,5.73,True
48,10,47.1,1.104,0.49,1.208,True,True,5.664,0.051,12.69,True
49,5,39.8,1.646,0.663,1.774,True,True,5.774,0.106,4.53,True
50,3,34.7,0.908,0.428,1.004,True,True,5.585,0.077,10.06,True
51,6,22.9,1.332,1.066,1.706,True,True,2.011,0.651,4.59,True
52,9,154.9,1.08,0.519,1.198,True,True,5.558,0.433,48.31,True
53,6,61.3,1.086,0.535,1.211,True,True,5.52,0.564,18.2,True
54,10,21.0,1.103,0.478,1.202,True,True,5.694,0.037,3.89,True
55,6,14.5,1.304,0.935,1.605,True,True,4.666,0.63,2.44,True
56,4,19.1,15.838,15.915,1.569,False,True,3.111,1.0,5.1,True
57,0,4.9,1.7,0.637,1.815,True,True,5.842,0.021,1.44,True
58,12,4.4,1.717,1.089,2.033,True,False,5.019,0.008,0.72,True
59,0,21.5,1.356,1.772,1.141,True,True,0.918,0.1,5.64,True
60,1,9.6,13.224,13.293,1.346,False,True,3.109,0.984,1.97,True
61,4,14.9,1.974,2.599,1.691,False,True,0.836,1.308,4.02,True
62,2,14.9,1.469,0.767,1.657,True,True,5.427,1.242,2.43,True
63,10,41.8,1.995,0.958,2.213,True,False,5.558,0.118,2.8,True
64,5,39.3,3.73,5.046,3.398,False,False,0.534,0.356,3.05,True
65,9,153.0,1.085,0.509,1.199,True,True,5.592,0.421,46.52,True
66,10,7.6,1.114,0.367,1.173,True,True,5.943,0.007,1.88,True
67,9,14.4,1.097,0.535,1.22,True,True,5.536,0.086,4.48,True
68,9,9.3,2.595,3.516,2.373,False,False,0.514,0.205,0.46,True
69,6,17.6,1.327,0.646,1.476,True,True,5.539,0.814,1.46,True
70,10,16.1,19.408,27.438,19.395,False,False,0.004,-1.012,1.56,True
71,8,15.6,1.317,0.844,1.564,True,True,4.992,0.008,4.77,True
72,6,11.9,16.923,17.005,1.666,False,True,3.111,1.0,3.19,True
73,9,16.4,1.339,1.121,1.747,True,True,4.081,0.141,3.14,True
74,8,17.9,13.647,13.726,1.47,False,True,3.105,-1.021,3.93,True
75,11,4.0,11.414,11.51,1.482,False,True,3.089,-1.008,1.17,True
76,1,18.8,1.421,1.805,1.113,True,True,1.215,0.041,3.73,True
77,2,20.8,1.345,1.699,1.038,True,True,1.272,1.14,3.37,True
78,3,4.6,16.553,16.674,2.004,False,False,3.096,0.928,0.98,True
79,9,5.2,1.306,0.988,1.638,True,True,4.485,0.034,1.07,True
80,9,4.7,1.319,1.087,1.709,True,True,4.147,0.024,1.36,True
81,4,20.2,0.673,0.897,0.592,True,True,0.711,2.432,5.44,True
82,9,35.5,0.872,1.064,0.611,True,True,1.602,0.286,9.81,True
83,10,35.9,1.092,0.445,1.179,True,True,5.762,0.043,9.74,True
84,6,23.0,1.088,0.49,1.193,True,True,5.645,0.479,6.77,True
85,4,66.5,1.083,0.542,1.212,True,True,5.495,0.726,20.49,True
86,9,17.1,1.101,0.474,1.198,True,True,5.699,0.109,4.31,True
87,9,30.8,2.238,3.137,2.197,False,False,0.113,0.998,1.29,True
88,7,4.4,1.233,0.656,1.397,True,True,5.393,0.043,1.07,True
89,6,14.7,18.531,18.563,1.086,False,True,3.131,1.0,1.31,True
90,12,10.7,13.898,1.193,13.949,True,False,6.26,-1.025,1.23,True
91,2,27.3,16.492,16.568,1.588,False,True,3.112,1.0,6.76,True
92,4,21.8,14.752,14.832,1.537,False,True,3.107,-1.001,5.98,True
93,1,15.6,0.983,0.747,1.235,True,True,4.472,0.052,2.79,True
94,6,17.1,1.576,1.003,1.868,True,True,5.011,0.817,3.91,True
95,9,21.8,3.543,3.576,0.49,False,True,3.082,0.606,0.93,True
96,3,13.0,0.673,0.9,0.597,True,True,0.672,0.028,2.96,True
97,9,19.8,4.108,5.223,3.226,False,False,1.205,1.135,0.53,True
98,8,11.7,15.194,15.275,1.572,False,True,3.108,-1.029,2.7,True
99,3,13.2,2.509,3.073,1.774,False,True,1.57,0.076,0.94,True
100,3,13.7,1.182,0.44,1.261,True,True,5.849,0.031,2.84,True
101,4,22.8,0.735,0.462,0.868,True,True,5.041,1.124,5.82,True
102,1,13.9,1.182,0.759,1.405,True,True,4.985,0.03,2.47,True
103,13,8.8,16.399,16.478,1.613,False,True,3.111,1.0,2.26,True
104,13,17.8,1.571,0.528,1.657,True,True,5.928,0.829,5.44,True
105,13,13.7,1.139,0.902,1.453,True,True,4.316,1.705,3.41,True
106,12,4.1,12.723,12.795,1.359,False,True,3.106,-1.059,0.67,True
107,7,5.9,18.597,18.578,26.287,False,False,3.148,0.988,1.68,True
108,0,10.3,0.777,0.836,0.311,True,True,2.639,0.079,2.59,True
109,3,51.0,2.659,3.672,2.532,False,False,0.293,0.285,0.66,True
110,12,239.9,18.066,0.987,18.093,True,False,6.274,-1.0,17.86,True
111,10,27.3,1.094,0.692,1.295,True,True,5.025,1.09,7.07,True
112,13,12.2,19.259,19.348,1.859,False,True,3.112,-1.001,1.92,True
113,4,16.2,1.331,0.539,1.437,True,True,5.767,0.725,3.17,True
114,13,9.3,1.838,2.44,1.605,False,True,0.744,1.28,0.32,True
115,13,7.4,1.122,0.427,1.201,True,True,5.828,0.613,1.4,True
116,12,1.4,1.459,0.964,1.749,True,True,1.374,1.253,0.31,True
117,13,15.4,1.08,0.515,1.197,True,True,5.569,0.641,4.91,True
118,5,1.0,1.307,1.102,1.71,True,True,4.047,1.201,0.27,True
119,1,1.0,1.206,0.798,1.446,True,True,4.908,1.564,0.22,True
120,1,0.8,2.981,3.615,2.044,False,False,1.665,0.881,0.2,True
121,0,1.0,17.403,17.474,1.569,False,True,3.116,1.0,0.24,True
122,0,1.0,1.413,0.907,1.679,True,True,4.988,1.494,0.17,True
123,13,1.2,16.374,16.48,1.867,False,True,3.101,0.999,0.36,True
124,13,1.4,1.249,0.751,1.457,True,True,5.147,1.19,0.28,True
125,5,1.0,16.265,16.309,1.189,False,True,3.125,1.0,0.07,True
126,0,0.8,1.607,0.996,1.891,True,True,5.076,1.132,0.2,True
127,0,1.0,16.801,16.886,1.697,False,True,3.11,1.0,0.3,True
