cell,x,y,rot,xrefl
cell_thermal_phase_shifter,11865.4,526.5,3.1416,0
cell_thermal_phase_shifter,11865.4,456.5,3.1416,0
cell_thermal_phase_shifter,11865.4,666.5,3.1416,0
cell_thermal_phase_shifter,11865.4,596.5,3.1416,0
cell_thermal_phase_shifter,11865.4,806.5,3.1416,0
cell_thermal_phase_shifter,11865.4,736.5,3.1416,0
cell_thermal_phase_shifter,11865.4,946.5,3.1416,0
cell_thermal_phase_shifter,11865.4,876.5,3.1416,0
cell_thermal_phase_shifter,11865.4,1086.5,3.1416,0
cell_thermal_phase_shifter,11865.4,1016.5,3.1416,0
cell_thermal_phase_shifter,11865.4,1226.5,3.1416,0
cell_thermal_phase_shifter,11865.4,1156.5,3.1416,0
AMF_PSOI_Si1X2MMI_Cband_v3p0,15055.0,1471.5,3.1416,0
AMF_PSOI_Si1X2MMI_Cband_v3p0,14688.6,1471.5,0.0,0
cell_thermal_phase_shifter,14638.6,1471.5,3.1416,0
cell_thermal_phase_shifter,11865.4,1646.5,3.1416,0
cell_thermal_phase_shifter,11865.4,1576.5,3.1416,0
cell_thermal_phase_shifter,11865.4,1786.5,3.1416,0
cell_thermal_phase_shifter,11865.4,1716.5,3.1416,0
cell_thermal_phase_shifter,11865.4,1926.5,3.1416,0
cell_thermal_phase_shifter,11865.4,1856.5,3.1416,0
cell_thermal_phase_shifter,11865.4,2066.5,3.1416,0
cell_thermal_phase_shifter,11865.4,1996.5,3.1416,0
cell_thermal_phase_shifter,11865.4,2206.5,3.1416,0
cell_thermal_phase_shifter,11865.4,2136.5,3.1416,0
cell_thermal_phase_shifter,11865.4,2346.5,3.1416,0
cell_thermal_phase_shifter,11865.4,2276.5,3.1416,0
AMF_PSOI_PowMonitor_Cband_Cell_v3p5,8629.001,1472.4,0.0,0
cell_thermal_phase_shifter,14931.8,2066.5,3.1416,0
AMF_PSOI_Si2X2MMI_Cband_v3p0,13773.6,1821.5,3.1416,0
AMF_PSOI_Si2X2MMI_Cband_v3p0,13773.6,1541.5,3.1416,0
cell_thermal_phase_shifter,13928.6,2065.833,3.1416,0
AMF_PSOI_Si2X2MMI_Cband_v3p0,13773.6,2101.5,3.1416,0
AMF_PSOI_Si2X2MMI_Cband_v3p0,13773.6,2381.5,3.1416,0
cell_thermal_phase_shifter,13108.6,2065.833,3.1416,0
cell_thermal_phase_shifter,12288.6,2065.833,3.1416,0
AMF_PSOI_Si1X2MMI_Cband_v3p0,14688.6,2171.5,0.0,0
AMF_PSOI_Si2X2MMI_Cband_v3p0,14038.6,2381.5,3.1416,0
cell_thermal_phase_shifter,13928.6,2417.167,3.1416,0
cell_thermal_phase_shifter,13928.6,2345.833,3.1416,0
AMF_PSOI_Si1X2MMI_Cband_v3p0,15055.0,2311.5,3.1416,0
cell_thermal_phase_shifter,14931.8,2346.5,3.1416,0
cell_thermal_phase_shifter,14931.8,2276.5,3.1416,0
AMF_PSOI_Si1X2MMI_Cband_v3p0,15305.0,2241.5,3.1416,0
AMF_PSOI_Si1X2MMI_Cband_v3p0,15180.0,2101.5,3.1416,0
AMF_PSOI_Si1X2MMI_Cband_v3p0,15180.0,2381.5,3.1416,0
AMF_PSOI_Si1X2MMI_Cband_v3p0,14688.6,2311.5,0.0,0
AMF_PSOI_Si1X2MMI_Cband_v3p0,15055.0,2451.5,3.1416,0
cell_thermal_phase_shifter,14931.8,2486.5,3.1416,0
cell_thermal_phase_shifter,14931.8,2416.5,3.1416,0
AMF_PSOI_Si1X2MMI_Cband_v3p0,14688.6,2451.5,0.0,0
cell_thermal_phase_shifter,14638.6,2171.5,3.1416,0
cell_thermal_phase_shifter,14638.6,2311.5,3.1416,0
cell_thermal_phase_shifter,14638.6,2451.5,3.1416,0
AMF_PSOI_Si2X2MMI_Cband_v3p0,14448.6,2241.5,3.1416,0
cell_thermal_phase_shifter,14338.6,2277.167,3.1416,0
cell_thermal_phase_shifter,14338.6,2205.833,3.1416,0
AMF_PSOI_Si2X2MMI_Cband_v3p0,14183.6,2241.5,3.1416,0
AMF_PSOI_Si1X2MMI_Cband_v3p0,15055.0,2171.5,3.1416,0
cell_thermal_phase_shifter,14931.8,2206.5,3.1416,0
AMF_PSOI_Si2X2MMI_Cband_v3p0,14038.6,2101.5,3.1416,0
cell_thermal_phase_shifter,13928.6,2137.167,3.1416,0
cell_thermal_phase_shifter,14931.8,2136.5,3.1416,0
AMF_PSOI_Si2X2MMI_Cband_v3p0,13218.6,2381.5,3.1416,0
cell_thermal_phase_shifter,13108.6,2417.167,3.1416,0
cell_thermal_phase_shifter,13108.6,2345.833,3.1416,0
AMF_PSOI_Si2X2MMI_Cband_v3p0,12953.6,2381.5,3.1416,0
AMF_PSOI_Si2X2MMI_Cband_v3p0,12808.6,2241.5,3.1416,0
cell_thermal_phase_shifter,12698.6,2277.167,3.1416,0
cell_thermal_phase_shifter,12698.6,2205.833,3.1416,0
AMF_PSOI_Si2X2MMI_Cband_v3p0,12543.6,2241.5,3.1416,0
AMF_PSOI_Si2X2MMI_Cband_v3p0,12398.6,2101.5,3.1416,0
cell_thermal_phase_shifter,12288.6,2137.167,3.1416,0
cell_thermal_phase_shifter,13518.6,2277.167,3.1416,0
AMF_PSOI_Si2X2MMI_Cband_v3p0,12133.6,2101.5,3.1416,0
AMF_PSOI_Si2X2MMI_Cband_v3p0,12398.6,2381.5,3.1416,0
cell_thermal_phase_shifter,12288.6,2417.167,3.1416,0
cell_thermal_phase_shifter,12288.6,2345.833,3.1416,0
AMF_PSOI_Si2X2MMI_Cband_v3p0,12133.6,2381.5,3.1416,0
cell_thermal_phase_shifter,13518.6,2205.833,3.1416,0
AMF_PSOI_Si2X2MMI_Cband_v3p0,13363.6,2241.5,3.1416,0
AMF_PSOI_Si2X2MMI_Cband_v3p0,13218.6,2101.5,3.1416,0
AMF_PSOI_Si1X2MMI_Cband_v3p0,11988.6,2171.5,3.1416,0
AMF_PSOI_Si1X2MMI_Cband_v3p0,11988.6,2311.5,3.1416,0
cell_thermal_phase_shifter,13108.6,2137.167,3.1416,0
AMF_PSOI_Si2X2MMI_Cband_v3p0,13628.6,2241.5,3.1416,0
AMF_PSOI_Si2X2MMI_Cband_v3p0,12953.6,2101.5,3.1416,0
AMF_PSOI_Si1X2MMI_Cband_v3p0,11988.6,1611.5,3.1416,0
AMF_PSOI_Si2X2MMI_Cband_v3p0,13628.6,1681.5,3.1416,0
AMF_PSOI_Si1X2MMI_Cband_v3p0,11988.6,1751.5,3.1416,0
cell_thermal_phase_shifter,13518.6,1717.167,3.1416,0
AMF_PSOI_Si1X2MMI_Cband_v3p0,11988.6,1891.5,3.1416,0
cell_thermal_phase_shifter,13518.6,1645.833,3.1416,0
AMF_PSOI_Si1X2MMI_Cband_v3p0,11988.6,2031.5,3.1416,0
AMF_PSOI_Si2X2MMI_Cband_v3p0,13363.6,1681.5,3.1416,0
AMF_PSOI_Si2X2MMI_Cband_v3p0,12808.6,1681.5,3.1416,0
cell_thermal_phase_shifter,12698.6,1717.167,3.1416,0
cell_thermal_phase_shifter,12698.6,1645.833,3.1416,0
AMF_PSOI_Si2X2MMI_Cband_v3p0,12543.6,1681.5,3.1416,0
AMF_PSOI_Si2X2MMI_Cband_v3p0,12808.6,1961.5,3.1416,0
cell_thermal_phase_shifter,12698.6,1997.167,3.1416,0
cell_thermal_phase_shifter,12698.6,1925.833,3.1416,0
AMF_PSOI_Si2X2MMI_Cband_v3p0,12543.6,1961.5,3.1416,0
AMF_PSOI_Si2X2MMI_Cband_v3p0,13218.6,1821.5,3.1416,0
cell_thermal_phase_shifter,13108.6,1857.167,3.1416,0
cell_thermal_phase_shifter,13108.6,1785.833,3.1416,0
AMF_PSOI_Si2X2MMI_Cband_v3p0,12953.6,1821.5,3.1416,0
AMF_PSOI_Si2X2MMI_Cband_v3p0,12398.6,1821.5,3.1416,0
cell_thermal_phase_shifter,12288.6,1857.167,3.1416,0
cell_thermal_phase_shifter,12288.6,1785.833,3.1416,0
AMF_PSOI_Si2X2MMI_Cband_v3p0,12133.6,1821.5,3.1416,0
AMF_PSOI_Si2X2MMI_Cband_v3p0,12398.6,1541.5,3.1416,0
cell_thermal_phase_shifter,12288.6,1577.167,3.1416,0
cell_thermal_phase_shifter,12288.6,1505.833,3.1416,0
AMF_PSOI_Si2X2MMI_Cband_v3p0,12133.6,1541.5,3.1416,0
AMF_PSOI_Si2X2MMI_Cband_v3p0,13218.6,1541.5,3.1416,0
cell_thermal_phase_shifter,13108.6,1577.167,3.1416,0
cell_thermal_phase_shifter,13108.6,1505.833,3.1416,0
AMF_PSOI_Si2X2MMI_Cband_v3p0,12953.6,1541.5,3.1416,0
AMF_PSOI_Si2X2MMI_Cband_v3p0,13628.6,1961.5,3.1416,0
cell_thermal_phase_shifter,13518.6,1997.167,3.1416,0
cell_thermal_phase_shifter,13518.6,1925.833,3.1416,0
AMF_PSOI_Si2X2MMI_Cband_v3p0,13363.6,1961.5,3.1416,0
AMF_PSOI_Si1X2MMI_Cband_v3p0,15180.0,1541.5,3.1416,0
cell_thermal_phase_shifter,14338.6,1925.833,3.1416,0
AMF_PSOI_Si2X2MMI_Cband_v3p0,14183.6,1961.5,3.1416,0
AMF_PSOI_Si1X2MMI_Cband_v3p0,14688.6,1891.5,0.0,0
AMF_PSOI_Si1X2MMI_Cband_v3p0,15055.0,2031.5,3.1416,0
cell_thermal_phase_shifter,14931.8,1786.5,3.1416,0
cell_thermal_phase_shifter,14931.8,1996.5,3.1416,0
AMF_PSOI_Si2X2MMI_Cband_v3p0,14038.6,1821.5,3.1416,0
cell_thermal_phase_shifter,13928.6,1857.167,3.1416,0
cell_thermal_phase_shifter,13928.6,1785.833,3.1416,0
AMF_PSOI_Si1X2MMI_Cband_v3p0,14688.6,2031.5,0.0,0
AMF_PSOI_Si2X2MMI_Cband_v3p0,14038.6,1541.5,3.1416,0
cell_thermal_phase_shifter,14931.8,1856.5,3.1416,0
AMF_PSOI_Si1X2MMI_Cband_v3p0,15180.0,1821.5,3.1416,0
AMF_PSOI_Si2X2MMI_Cband_v3p0,14448.6,1681.5,3.1416,0
cell_thermal_phase_shifter,14338.6,1717.167,3.1416,0
cell_thermal_phase_shifter,14338.6,1645.833,3.1416,0
input_coupler,15700.0,1961.5,3.1416,0
AMF_PSOI_Si2X2MMI_Cband_v3p0,14183.6,1681.5,3.1416,0
cell_thermal_phase_shifter,14931.8,1506.5,3.1416,0
AMF_PSOI_Si1X2MMI_Cband_v3p0,15500.0,1961.5,3.1416,0
AMF_PSOI_Si2X2MMI_Cband_v3p0,14448.6,1961.5,3.1416,0
AMF_PSOI_Si1X2MMI_Cband_v3p0,15055.0,1611.5,3.1416,0
cell_thermal_phase_shifter,14931.8,1646.5,3.1416,0
cell_thermal_phase_shifter,14338.6,1997.167,3.1416,0
cell_thermal_phase_shifter,14931.8,1576.5,3.1416,0
AMF_PSOI_Si1X2MMI_Cband_v3p0,14688.6,1611.5,0.0,0
AMF_PSOI_Si1X2MMI_Cband_v3p0,15055.0,1751.5,3.1416,0
cell_thermal_phase_shifter,13928.6,1577.167,3.1416,0
cell_thermal_phase_shifter,13928.6,1505.833,3.1416,0
cell_thermal_phase_shifter,14931.8,1716.5,3.1416,0
AMF_PSOI_Si1X2MMI_Cband_v3p0,14688.6,1751.5,0.0,0
AMF_PSOI_Si1X2MMI_Cband_v3p0,15305.0,1681.5,3.1416,0
cell_thermal_phase_shifter,14638.6,1611.5,3.1416,0
cell_thermal_phase_shifter,14638.6,1751.5,3.1416,0
cell_thermal_phase_shifter,14638.6,1891.5,3.1416,0
cell_thermal_phase_shifter,14638.6,2031.5,3.1416,0
AMF_PSOI_Si1X2MMI_Cband_v3p0,15055.0,1891.5,3.1416,0
cell_thermal_phase_shifter,14931.8,1926.5,3.1416,0
cell_thermal_phase_shifter,11032.201,2065.833,3.1416,0
cell_thermal_phase_shifter,10212.201,2065.833,3.1416,0
cell_thermal_phase_shifter,9392.201,2065.833,3.1416,0
AMF_PSOI_PowMonitor_Cband_Cell_v3p5,8764.001,2065.6,3.1416,0
AMF_PSOI_Si2X2MMI_Cband_v3p0,10057.201,2381.5,3.1416,0
AMF_PSOI_Si2X2MMI_Cband_v3p0,9912.201,2241.5,3.1416,0
AMF_PSOI_Si2X2MMI_Cband_v3p0,11552.201,2241.5,3.1416,0
cell_thermal_phase_shifter,11442.201,2277.167,3.1416,0
cell_thermal_phase_shifter,11442.201,2205.833,3.1416,0
AMF_PSOI_Si2X2MMI_Cband_v3p0,11287.201,2241.5,3.1416,0
AMF_PSOI_Si2X2MMI_Cband_v3p0,11142.201,2101.5,3.1416,0
cell_thermal_phase_shifter,11032.201,2137.167,3.1416,0
AMF_PSOI_Si1X2MMI_Cband_v3p0,11622.201,2171.5,0.0,0
AMF_PSOI_Si2X2MMI_Cband_v3p0,10877.201,2101.5,3.1416,0
AMF_PSOI_Si2X2MMI_Cband_v3p0,11142.201,2381.5,3.1416,0
cell_thermal_phase_shifter,11032.201,2417.167,3.1416,0
cell_thermal_phase_shifter,11032.201,2345.833,3.1416,0
AMF_PSOI_Si2X2MMI_Cband_v3p0,10877.201,2381.5,3.1416,0
AMF_PSOI_Si2X2MMI_Cband_v3p0,10732.201,2241.5,3.1416,0
cell_thermal_phase_shifter,10622.201,2277.167,3.1416,0
cell_thermal_phase_shifter,10622.201,2205.833,3.1416,0
AMF_PSOI_Si2X2MMI_Cband_v3p0,10467.201,2241.5,3.1416,0
AMF_PSOI_Si2X2MMI_Cband_v3p0,10322.201,2101.5,3.1416,0
cell_thermal_phase_shifter,10212.201,2137.167,3.1416,0
AMF_PSOI_Si1X2MMI_Cband_v3p0,11622.201,2311.5,0.0,0
AMF_PSOI_Si2X2MMI_Cband_v3p0,10057.201,2101.5,3.1416,0
AMF_PSOI_Si2X2MMI_Cband_v3p0,10322.201,2381.5,3.1416,0
cell_thermal_phase_shifter,10212.201,2417.167,3.1416,0
cell_thermal_phase_shifter,10212.201,2345.833,3.1416,0
cell_thermal_phase_shifter,9802.201,2205.833,3.1416,0
AMF_PSOI_Si1X2MMI_Cband_v3p0,9092.201,2171.5,3.1416,0
AMF_PSOI_PowMonitor_Cband_Cell_v3p5,8969.001,2136.5,3.1416,0
AMF_PSOI_Si1X2MMI_Cband_v3p0,8784.001,2205.6,0.0,0
AMF_PSOI_PowMonitor_Cband_Cell_v3p5,8764.001,2205.6,3.1416,0
AMF_PSOI_Si1X2MMI_Cband_v3p0,9092.201,2311.5,3.1416,0
AMF_PSOI_PowMonitor_Cband_Cell_v3p5,8969.001,2276.5,3.1416,0
AMF_PSOI_Si1X2MMI_Cband_v3p0,8784.001,2345.6,0.0,0
AMF_PSOI_PowMonitor_Cband_Cell_v3p5,8764.001,2345.6,3.1416,0
AMF_PSOI_PowMonitor_Cband_Cell_v3p5,8629.001,2450.6,0.0,0
AMF_PSOI_Si1X2MMI_Cband_v3p0,8504.001,2100.6,0.0,0
AMF_PSOI_Si1X2MMI_Cband_v3p0,8504.001,2380.6,0.0,0
AMF_PSOI_Si1X2MMI_Cband_v3p0,8379.001,2240.6,0.0,0
AMF_PSOI_Si1X2MMI_Cband_v3p0,8784.001,2065.6,0.0,0
AMF_PSOI_Si2X2MMI_Cband_v3p0,9647.201,2241.5,3.1416,0
AMF_PSOI_Si2X2MMI_Cband_v3p0,9502.201,2101.5,3.1416,0
cell_thermal_phase_shifter,9392.201,2137.167,3.1416,0
cell_thermal_phase_shifter,9802.201,2277.167,3.1416,0
AMF_PSOI_Si2X2MMI_Cband_v3p0,9237.201,2101.5,3.1416,0
AMF_PSOI_Si2X2MMI_Cband_v3p0,9502.201,2381.5,3.1416,0
cell_thermal_phase_shifter,9392.201,2417.167,3.1416,0
cell_thermal_phase_shifter,9392.201,2345.833,3.1416,0
AMF_PSOI_Si2X2MMI_Cband_v3p0,9237.201,2381.5,3.1416,0
AMF_PSOI_PowMonitor_Cband_Cell_v3p5,8764.001,1717.4,3.1416,0
AMF_PSOI_Si1X2MMI_Cband_v3p0,9092.201,1891.5,3.1416,0
AMF_PSOI_PowMonitor_Cband_Cell_v3p5,8969.001,1926.5,3.1416,0
AMF_PSOI_Si1X2MMI_Cband_v3p0,8784.001,1857.4,0.0,0
AMF_PSOI_PowMonitor_Cband_Cell_v3p5,8764.001,1857.4,3.1416,0
AMF_PSOI_Si1X2MMI_Cband_v3p0,9092.201,2031.5,3.1416,0
AMF_PSOI_PowMonitor_Cband_Cell_v3p5,8969.001,1996.5,3.1416,0
cell_thermal_phase_shifter,9392.201,1785.833,3.1416,0
AMF_PSOI_Si2X2MMI_Cband_v3p0,9237.201,1821.5,3.1416,0
AMF_PSOI_Si2X2MMI_Cband_v3p0,9502.201,1541.5,3.1416,0
cell_thermal_phase_shifter,9392.201,1577.167,3.1416,0
cell_thermal_phase_shifter,9392.201,1505.833,3.1416,0
AMF_PSOI_Si2X2MMI_Cband_v3p0,9237.201,1541.5,3.1416,0
cell_thermal_phase_shifter,9802.201,1925.833,3.1416,0
AMF_PSOI_Si2X2MMI_Cband_v3p0,9647.201,1961.5,3.1416,0
cell_thermal_phase_shifter,9802.201,1717.167,3.1416,0
cell_thermal_phase_shifter,9802.201,1645.833,3.1416,0
AMF_PSOI_Si2X2MMI_Cband_v3p0,9647.201,1681.5,3.1416,0
AMF_PSOI_Si1X2MMI_Cband_v3p0,8504.001,1822.4,0.0,0
cell_thermal_phase_shifter,9802.201,1997.167,3.1416,0
AMF_PSOI_Si1X2MMI_Cband_v3p0,8504.001,1542.4,0.0,0
AMF_PSOI_Si2X2MMI_Cband_v3p0,9502.201,1821.5,3.1416,0
AMF_PSOI_Si1X2MMI_Cband_v3p0,8379.001,1682.4,0.0,0
cell_thermal_phase_shifter,9392.201,1857.167,3.1416,0
AMF_PSOI_Si1X2MMI_Cband_v3p0,9092.201,1611.5,3.1416,0
AMF_PSOI_PowMonitor_Cband_Cell_v3p5,8969.001,1646.5,3.1416,0
AMF_PSOI_Si1X2MMI_Cband_v3p0,8784.001,1577.4,0.0,0
AMF_PSOI_PowMonitor_Cband_Cell_v3p5,8764.001,1577.4,3.1416,0
AMF_PSOI_Si1X2MMI_Cband_v3p0,9092.201,1751.5,3.1416,0
AMF_PSOI_PowMonitor_Cband_Cell_v3p5,8969.001,1786.5,3.1416,0
AMF_PSOI_Si1X2MMI_Cband_v3p0,8784.001,1717.4,0.0,0
cell_thermal_phase_shifter,10212.201,1857.167,3.1416,0
cell_thermal_phase_shifter,10212.201,1785.833,3.1416,0
AMF_PSOI_Si2X2MMI_Cband_v3p0,10057.201,1821.5,3.1416,0
AMF_PSOI_Si2X2MMI_Cband_v3p0,10322.201,1541.5,3.1416,0
cell_thermal_phase_shifter,10212.201,1577.167,3.1416,0
cell_thermal_phase_shifter,10212.201,1505.833,3.1416,0
AMF_PSOI_Si2X2MMI_Cband_v3p0,10057.201,1541.5,3.1416,0
cell_thermal_phase_shifter,11032.201,1857.167,3.1416,0
cell_thermal_phase_shifter,11032.201,1785.833,3.1416,0
AMF_PSOI_Si2X2MMI_Cband_v3p0,10877.201,1821.5,3.1416,0
AMF_PSOI_Si2X2MMI_Cband_v3p0,11142.201,1541.5,3.1416,0
cell_thermal_phase_shifter,11032.201,1577.167,3.1416,0
cell_thermal_phase_shifter,11032.201,1505.833,3.1416,0
AMF_PSOI_Si2X2MMI_Cband_v3p0,10877.201,1541.5,3.1416,0
cell_thermal_phase_shifter,11442.201,1717.167,3.1416,0
AMF_PSOI_Si2X2MMI_Cband_v3p0,9912.201,1681.5,3.1416,0
cell_thermal_phase_shifter,11442.201,1645.833,3.1416,0
AMF_PSOI_Si2X2MMI_Cband_v3p0,11287.201,1681.5,3.1416,0
AMF_PSOI_Si2X2MMI_Cband_v3p0,11552.201,1961.5,3.1416,0
AMF_PSOI_Si2X2MMI_Cband_v3p0,9912.201,1961.5,3.1416,0
cell_thermal_phase_shifter,11442.201,1997.167,3.1416,0
cell_thermal_phase_shifter,11442.201,1925.833,3.1416,0
AMF_PSOI_Si2X2MMI_Cband_v3p0,11287.201,1961.5,3.1416,0
AMF_PSOI_Si1X2MMI_Cband_v3p0,11622.201,1751.5,0.0,0
AMF_PSOI_Si2X2MMI_Cband_v3p0,10732.201,1681.5,3.1416,0
cell_thermal_phase_shifter,10622.201,1717.167,3.1416,0
cell_thermal_phase_shifter,10622.201,1645.833,3.1416,0
AMF_PSOI_Si2X2MMI_Cband_v3p0,10467.201,1681.5,3.1416,0
AMF_PSOI_Si2X2MMI_Cband_v3p0,10732.201,1961.5,3.1416,0
cell_thermal_phase_shifter,10622.201,1997.167,3.1416,0
AMF_PSOI_Si1X2MMI_Cband_v3p0,11622.201,1891.5,0.0,0
cell_thermal_phase_shifter,10622.201,1925.833,3.1416,0
AMF_PSOI_Si2X2MMI_Cband_v3p0,10467.201,1961.5,3.1416,0
AMF_PSOI_Si1X2MMI_Cband_v3p0,11622.201,1611.5,0.0,0
AMF_PSOI_Si1X2MMI_Cband_v3p0,11622.201,2031.5,0.0,0
AMF_PSOI_Si2X2MMI_Cband_v3p0,11552.201,1681.5,3.1416,0
AMF_PSOI_Si2X2MMI_Cband_v3p0,11142.201,1821.5,3.1416,0
AMF_PSOI_Si2X2MMI_Cband_v3p0,10322.201,1821.5,3.1416,0
cell_thermal_phase_shifter,10622.201,877.167,3.1416,0
cell_thermal_phase_shifter,9802.201,877.167,3.1416,0
AMF_PSOI_PowMonitor_Cband_Cell_v3p5,8969.001,876.5,3.1416,0
cell_thermal_phase_shifter,11442.201,877.167,3.1416,0
cell_thermal_phase_shifter,10212.201,945.833,3.1416,0
AMF_PSOI_Si2X2MMI_Cband_v3p0,10057.201,981.5,3.1416,0
AMF_PSOI_Si2X2MMI_Cband_v3p0,10322.201,1261.5,3.1416,0
cell_thermal_phase_shifter,10212.201,1297.167,3.1416,0
cell_thermal_phase_shifter,10212.201,1225.833,3.1416,0
AMF_PSOI_Si2X2MMI_Cband_v3p0,10057.201,1261.5,3.1416,0
cell_thermal_phase_shifter,11032.201,945.833,3.1416,0
AMF_PSOI_Si2X2MMI_Cband_v3p0,9912.201,1121.5,3.1416,0
AMF_PSOI_Si2X2MMI_Cband_v3p0,10877.201,981.5,3.1416,0
AMF_PSOI_Si1X2MMI_Cband_v3p0,11622.201,1051.5,0.0,0
AMF_PSOI_Si1X2MMI_Cband_v3p0,11622.201,911.5,0.0,0
AMF_PSOI_Si1X2MMI_Cband_v3p0,11622.201,1191.5,0.0,0
AMF_PSOI_Si2X2MMI_Cband_v3p0,11142.201,1261.5,3.1416,0
AMF_PSOI_Si2X2MMI_Cband_v3p0,11552.201,1121.5,3.1416,0
cell_thermal_phase_shifter,11442.201,1157.167,3.1416,0
cell_thermal_phase_shifter,11442.201,1085.833,3.1416,0
AMF_PSOI_Si2X2MMI_Cband_v3p0,11287.201,1121.5,3.1416,0
AMF_PSOI_Si2X2MMI_Cband_v3p0,11142.201,981.5,3.1416,0
cell_thermal_phase_shifter,11032.201,1297.167,3.1416,0
cell_thermal_phase_shifter,11032.201,1225.833,3.1416,0
AMF_PSOI_Si2X2MMI_Cband_v3p0,10877.201,1261.5,3.1416,0
cell_thermal_phase_shifter,11032.201,1017.167,3.1416,0
AMF_PSOI_Si2X2MMI_Cband_v3p0,10732.201,1121.5,3.1416,0
cell_thermal_phase_shifter,10622.201,1157.167,3.1416,0
cell_thermal_phase_shifter,10622.201,1085.833,3.1416,0
AMF_PSOI_Si2X2MMI_Cband_v3p0,10467.201,1121.5,3.1416,0
AMF_PSOI_Si2X2MMI_Cband_v3p0,10322.201,981.5,3.1416,0
cell_thermal_phase_shifter,10212.201,1017.167,3.1416,0
AMF_PSOI_Si2X2MMI_Cband_v3p0,9237.201,981.5,3.1416,0
AMF_PSOI_Si2X2MMI_Cband_v3p0,9502.201,1261.5,3.1416,0
cell_thermal_phase_shifter,9392.201,1297.167,3.1416,0
cell_thermal_phase_shifter,9392.201,1225.833,3.1416,0
AMF_PSOI_PowMonitor_Cband_Cell_v3p5,8764.001,1085.6,3.1416,0
AMF_PSOI_Si1X2MMI_Cband_v3p0,9092.201,1191.5,3.1416,0
AMF_PSOI_PowMonitor_Cband_Cell_v3p5,8969.001,1156.5,3.1416,0
AMF_PSOI_Si1X2MMI_Cband_v3p0,8784.001,1225.6,0.0,0
AMF_PSOI_PowMonitor_Cband_Cell_v3p5,8764.001,1225.6,3.1416,0
AMF_PSOI_PowMonitor_Cband_Cell_v3p5,8629.001,1330.6,0.0,0
AMF_PSOI_Si1X2MMI_Cband_v3p0,8504.001,980.6,0.0,0
AMF_PSOI_Si1X2MMI_Cband_v3p0,8504.001,1260.6,0.0,0
AMF_PSOI_Si1X2MMI_Cband_v3p0,8379.001,1120.6,0.0,0
cell_thermal_phase_shifter,9802.201,1085.833,3.1416,0
AMF_PSOI_Si2X2MMI_Cband_v3p0,9647.201,1121.5,3.1416,0
AMF_PSOI_Si2X2MMI_Cband_v3p0,9502.201,981.5,3.1416,0
cell_thermal_phase_shifter,9392.201,1017.167,3.1416,0
cell_thermal_phase_shifter,9392.201,945.833,3.1416,0
AMF_PSOI_Si2X2MMI_Cband_v3p0,9237.201,1261.5,3.1416,0
AMF_PSOI_Si1X2MMI_Cband_v3p0,9092.201,911.5,3.1416,0
cell_thermal_phase_shifter,9802.201,1157.167,3.1416,0
AMF_PSOI_Si1X2MMI_Cband_v3p0,8784.001,945.6,0.0,0
AMF_PSOI_PowMonitor_Cband_Cell_v3p5,8764.001,945.6,3.1416,0
AMF_PSOI_Si1X2MMI_Cband_v3p0,9092.201,1051.5,3.1416,0
AMF_PSOI_PowMonitor_Cband_Cell_v3p5,8969.001,1016.5,3.1416,0
AMF_PSOI_Si1X2MMI_Cband_v3p0,8784.001,1085.6,0.0,0
cell_thermal_phase_shifter,9392.201,737.167,3.1416,0
AMF_PSOI_PowMonitor_Cband_Cell_v3p5,8629.001,352.4,0.0,0
cell_thermal_phase_shifter,9392.201,665.833,3.1416,0
AMF_PSOI_Si1X2MMI_Cband_v3p0,8504.001,702.4,0.0,0
AMF_PSOI_Si1X2MMI_Cband_v3p0,9092.201,491.5,3.1416,0
AMF_PSOI_Si1X2MMI_Cband_v3p0,8504.001,422.4,0.0,0
AMF_PSOI_PowMonitor_Cband_Cell_v3p5,8969.001,526.5,3.1416,0
AMF_PSOI_Si1X2MMI_Cband_v3p0,8379.001,562.4,0.0,0
AMF_PSOI_Si1X2MMI_Cband_v3p0,8784.001,457.4,0.0,0
AMF_PSOI_PowMonitor_Cband_Cell_v3p5,8764.001,457.4,3.1416,0
AMF_PSOI_Si1X2MMI_Cband_v3p0,9092.201,631.5,3.1416,0
AMF_PSOI_PowMonitor_Cband_Cell_v3p5,8969.001,666.5,3.1416,0
AMF_PSOI_Si1X2MMI_Cband_v3p0,8784.001,597.4,0.0,0
AMF_PSOI_PowMonitor_Cband_Cell_v3p5,8764.001,597.4,3.1416,0
AMF_PSOI_Si1X2MMI_Cband_v3p0,9092.201,771.5,3.1416,0
AMF_PSOI_PowMonitor_Cband_Cell_v3p5,8969.001,806.5,3.1416,0
AMF_PSOI_Si1X2MMI_Cband_v3p0,8784.001,737.4,0.0,0
AMF_PSOI_PowMonitor_Cband_Cell_v3p5,8764.001,737.4,3.1416,0
AMF_PSOI_Si2X2MMI_Cband_v3p0,9237.201,701.5,3.1416,0
AMF_PSOI_Si2X2MMI_Cband_v3p0,9502.201,421.5,3.1416,0
cell_thermal_phase_shifter,9392.201,457.167,3.1416,0
cell_thermal_phase_shifter,9392.201,385.833,3.1416,0
AMF_PSOI_Si2X2MMI_Cband_v3p0,9237.201,421.5,3.1416,0
AMF_PSOI_Si2X2MMI_Cband_v3p0,9647.201,841.5,3.1416,0
cell_thermal_phase_shifter,9802.201,525.833,3.1416,0
AMF_PSOI_Si2X2MMI_Cband_v3p0,9647.201,561.5,3.1416,0
cell_thermal_phase_shifter,9802.201,597.167,3.1416,0
cell_thermal_phase_shifter,9802.201,805.833,3.1416,0
AMF_PSOI_Si2X2MMI_Cband_v3p0,9502.201,701.5,3.1416,0
cell_thermal_phase_shifter,10212.201,457.167,3.1416,0
cell_thermal_phase_shifter,10212.201,385.833,3.1416,0
AMF_PSOI_Si2X2MMI_Cband_v3p0,10057.201,421.5,3.1416,0
AMF_PSOI_Si1X2MMI_Cband_v3p0,11622.201,771.5,0.0,0
AMF_PSOI_Si1X2MMI_Cband_v3p0,11622.201,491.5,0.0,0
AMF_PSOI_Si2X2MMI_Cband_v3p0,10732.201,561.5,3.1416,0
AMF_PSOI_Si1X2MMI_Cband_v3p0,11622.201,631.5,0.0,0
cell_thermal_phase_shifter,10622.201,805.833,3.1416,0
AMF_PSOI_Si2X2MMI_Cband_v3p0,10467.201,841.5,3.1416,0
AMF_PSOI_Si2X2MMI_Cband_v3p0,11552.201,561.5,3.1416,0
cell_thermal_phase_shifter,11442.201,597.167,3.1416,0
cell_thermal_phase_shifter,11442.201,525.833,3.1416,0
AMF_PSOI_Si2X2MMI_Cband_v3p0,11287.201,561.5,3.1416,0
AMF_PSOI_Si2X2MMI_Cband_v3p0,11552.201,841.5,3.1416,0
cell_thermal_phase_shifter,10622.201,597.167,3.1416,0
cell_thermal_phase_shifter,11442.201,805.833,3.1416,0
AMF_PSOI_Si2X2MMI_Cband_v3p0,11287.201,841.5,3.1416,0
cell_thermal_phase_shifter,10622.201,525.833,3.1416,0
AMF_PSOI_Si2X2MMI_Cband_v3p0,10467.201,561.5,3.1416,0
AMF_PSOI_Si2X2MMI_Cband_v3p0,10732.201,841.5,3.1416,0
AMF_PSOI_Si2X2MMI_Cband_v3p0,10322.201,701.5,3.1416,0
AMF_PSOI_Si2X2MMI_Cband_v3p0,11142.201,701.5,3.1416,0
cell_thermal_phase_shifter,11032.201,737.167,3.1416,0
cell_thermal_phase_shifter,11032.201,665.833,3.1416,0
AMF_PSOI_Si2X2MMI_Cband_v3p0,10877.201,701.5,3.1416,0
AMF_PSOI_Si2X2MMI_Cband_v3p0,11142.201,421.5,3.1416,0
cell_thermal_phase_shifter,11032.201,457.167,3.1416,0
cell_thermal_phase_shifter,11032.201,385.833,3.1416,0
AMF_PSOI_Si2X2MMI_Cband_v3p0,10877.201,421.5,3.1416,0
AMF_PSOI_Si2X2MMI_Cband_v3p0,9912.201,561.5,3.1416,0
cell_thermal_phase_shifter,10212.201,737.167,3.1416,0
cell_thermal_phase_shifter,10212.201,665.833,3.1416,0
AMF_PSOI_Si2X2MMI_Cband_v3p0,10057.201,701.5,3.1416,0
AMF_PSOI_Si2X2MMI_Cband_v3p0,9912.201,841.5,3.1416,0
AMF_PSOI_Si2X2MMI_Cband_v3p0,10322.201,421.5,3.1416,0
cell_thermal_phase_shifter,14931.8,876.5,3.1416,0
cell_thermal_phase_shifter,14338.6,877.167,3.1416,0
AMF_PSOI_Si2X2MMI_Cband_v3p0,13773.6,701.5,3.1416,0
AMF_PSOI_Si2X2MMI_Cband_v3p0,13773.6,421.5,3.1416,0
AMF_PSOI_Si2X2MMI_Cband_v3p0,13773.6,981.5,3.1416,0
AMF_PSOI_Si2X2MMI_Cband_v3p0,13773.6,1261.5,3.1416,0
cell_thermal_phase_shifter,13518.6,877.167,3.1416,0
cell_thermal_phase_shifter,12698.6,877.167,3.1416,0
cell_thermal_phase_shifter,14931.8,1436.5,3.1416,0
AMF_PSOI_Si2X2MMI_Cband_v3p0,14038.6,981.5,3.1416,0
cell_thermal_phase_shifter,14338.6,1085.833,3.1416,0
AMF_PSOI_Si2X2MMI_Cband_v3p0,14183.6,1121.5,3.1416,0
AMF_PSOI_Si1X2MMI_Cband_v3p0,15180.0,1261.5,3.1416,0
cell_thermal_phase_shifter,13928.6,1017.167,3.1416,0
cell_thermal_phase_shifter,13928.6,945.833,3.1416,0
AMF_PSOI_Si1X2MMI_Cband_v3p0,15055.0,911.5,3.1416,0
AMF_PSOI_Si2X2MMI_Cband_v3p0,14038.6,1261.5,3.1416,0
cell_thermal_phase_shifter,13928.6,1297.167,3.1416,0
cell_thermal_phase_shifter,13928.6,1225.833,3.1416,0
cell_thermal_phase_shifter,14931.8,946.5,3.1416,0
AMF_PSOI_Si1X2MMI_Cband_v3p0,15305.0,1121.5,3.1416,0
AMF_PSOI_Si1X2MMI_Cband_v3p0,14688.6,911.5,0.0,0
AMF_PSOI_Si1X2MMI_Cband_v3p0,15055.0,1051.5,3.1416,0
cell_thermal_phase_shifter,14931.8,1086.5,3.1416,0
cell_thermal_phase_shifter,14931.8,1016.5,3.1416,0
AMF_PSOI_Si1X2MMI_Cband_v3p0,14688.6,1051.5,0.0,0
AMF_PSOI_Si1X2MMI_Cband_v3p0,15055.0,1191.5,3.1416,0
cell_thermal_phase_shifter,14931.8,1226.5,3.1416,0
cell_thermal_phase_shifter,14931.8,1156.5,3.1416,0
AMF_PSOI_Si1X2MMI_Cband_v3p0,14688.6,1191.5,0.0,0
AMF_PSOI_Si1X2MMI_Cband_v3p0,15055.0,1331.5,3.1416,0
cell_thermal_phase_shifter,14931.8,1366.5,3.1416,0
cell_thermal_phase_shifter,14931.8,1296.5,3.1416,0
AMF_PSOI_Si1X2MMI_Cband_v3p0,14688.6,1331.5,0.0,0
cell_thermal_phase_shifter,14638.6,911.5,3.1416,0
cell_thermal_phase_shifter,14638.6,1051.5,3.1416,0
cell_thermal_phase_shifter,14638.6,1191.5,3.1416,0
cell_thermal_phase_shifter,14638.6,1331.5,3.1416,0
AMF_PSOI_Si1X2MMI_Cband_v3p0,15180.0,981.5,3.1416,0
AMF_PSOI_Si2X2MMI_Cband_v3p0,14448.6,1121.5,3.1416,0
cell_thermal_phase_shifter,14338.6,1157.167,3.1416,0
AMF_PSOI_Si2X2MMI_Cband_v3p0,12133.6,1261.5,3.1416,0
AMF_PSOI_Si1X2MMI_Cband_v3p0,11988.6,911.5,3.1416,0
AMF_PSOI_Si1X2MMI_Cband_v3p0,11988.6,1051.5,3.1416,0
AMF_PSOI_Si1X2MMI_Cband_v3p0,11988.6,1191.5,3.1416,0
AMF_PSOI_Si2X2MMI_Cband_v3p0,12398.6,1261.5,3.1416,0
AMF_PSOI_Si2X2MMI_Cband_v3p0,13628.6,1121.5,3.1416,0
cell_thermal_phase_shifter,13518.6,1157.167,3.1416,0
cell_thermal_phase_shifter,13518.6,1085.833,3.1416,0
AMF_PSOI_Si2X2MMI_Cband_v3p0,13363.6,1121.5,3.1416,0
AMF_PSOI_Si2X2MMI_Cband_v3p0,13218.6,981.5,3.1416,0
cell_thermal_phase_shifter,13108.6,1017.167,3.1416,0
cell_thermal_phase_shifter,13108.6,945.833,3.1416,0
AMF_PSOI_Si2X2MMI_Cband_v3p0,12953.6,981.5,3.1416,0
AMF_PSOI_Si2X2MMI_Cband_v3p0,13218.6,1261.5,3.1416,0
cell_thermal_phase_shifter,13108.6,1297.167,3.1416,0
cell_thermal_phase_shifter,13108.6,1225.833,3.1416,0
AMF_PSOI_Si2X2MMI_Cband_v3p0,12953.6,1261.5,3.1416,0
cell_thermal_phase_shifter,12288.6,1297.167,3.1416,0
AMF_PSOI_Si2X2MMI_Cband_v3p0,12808.6,1121.5,3.1416,0
cell_thermal_phase_shifter,12698.6,1157.167,3.1416,0
cell_thermal_phase_shifter,12698.6,1085.833,3.1416,0
AMF_PSOI_Si2X2MMI_Cband_v3p0,12543.6,1121.5,3.1416,0
AMF_PSOI_Si2X2MMI_Cband_v3p0,12398.6,981.5,3.1416,0
cell_thermal_phase_shifter,12288.6,1017.167,3.1416,0
cell_thermal_phase_shifter,12288.6,945.833,3.1416,0
AMF_PSOI_Si2X2MMI_Cband_v3p0,12133.6,981.5,3.1416,0
cell_thermal_phase_shifter,12288.6,1225.833,3.1416,0
AMF_PSOI_Si2X2MMI_Cband_v3p0,12133.6,421.5,3.1416,0
AMF_PSOI_Si2X2MMI_Cband_v3p0,12953.6,701.5,3.1416,0
AMF_PSOI_Si2X2MMI_Cband_v3p0,13218.6,421.5,3.1416,0
cell_thermal_phase_shifter,13108.6,457.167,3.1416,0
cell_thermal_phase_shifter,13108.6,385.833,3.1416,0
AMF_PSOI_Si2X2MMI_Cband_v3p0,12953.6,421.5,3.1416,0
cell_thermal_phase_shifter,13518.6,525.833,3.1416,0
AMF_PSOI_Si2X2MMI_Cband_v3p0,13363.6,561.5,3.1416,0
AMF_PSOI_Si2X2MMI_Cband_v3p0,13628.6,841.5,3.1416,0
AMF_PSOI_Si1X2MMI_Cband_v3p0,11988.6,771.5,3.1416,0
cell_thermal_phase_shifter,13518.6,805.833,3.1416,0
AMF_PSOI_Si2X2MMI_Cband_v3p0,13363.6,841.5,3.1416,0
AMF_PSOI_Si1X2MMI_Cband_v3p0,11988.6,631.5,3.1416,0
AMF_PSOI_Si1X2MMI_Cband_v3p0,11988.6,491.5,3.1416,0
AMF_PSOI_Si2X2MMI_Cband_v3p0,12808.6,561.5,3.1416,0
cell_thermal_phase_shifter,12698.6,597.167,3.1416,0
cell_thermal_phase_shifter,12698.6,525.833,3.1416,0
AMF_PSOI_Si2X2MMI_Cband_v3p0,12543.6,561.5,3.1416,0
AMF_PSOI_Si2X2MMI_Cband_v3p0,12808.6,841.5,3.1416,0
AMF_PSOI_Si2X2MMI_Cband_v3p0,13628.6,561.5,3.1416,0
cell_thermal_phase_shifter,12698.6,805.833,3.1416,0
AMF_PSOI_Si2X2MMI_Cband_v3p0,12543.6,841.5,3.1416,0
cell_thermal_phase_shifter,13518.6,597.167,3.1416,0
AMF_PSOI_Si2X2MMI_Cband_v3p0,13218.6,701.5,3.1416,0
cell_thermal_phase_shifter,13108.6,737.167,3.1416,0
cell_thermal_phase_shifter,13108.6,665.833,3.1416,0
AMF_PSOI_Si2X2MMI_Cband_v3p0,12398.6,701.5,3.1416,0
cell_thermal_phase_shifter,12288.6,737.167,3.1416,0
cell_thermal_phase_shifter,12288.6,665.833,3.1416,0
AMF_PSOI_Si2X2MMI_Cband_v3p0,12133.6,701.5,3.1416,0
AMF_PSOI_Si2X2MMI_Cband_v3p0,12398.6,421.5,3.1416,0
cell_thermal_phase_shifter,12288.6,457.167,3.1416,0
cell_thermal_phase_shifter,12288.6,385.833,3.1416,0
cell_thermal_phase_shifter,14931.8,456.5,3.1416,0
input_coupler,15700.0,841.5,3.1416,0
AMF_PSOI_Si1X2MMI_Cband_v3p0,14688.6,491.5,0.0,0
AMF_PSOI_Si1X2MMI_Cband_v3p0,15055.0,631.5,3.1416,0
cell_thermal_phase_shifter,14931.8,666.5,3.1416,0
cell_thermal_phase_shifter,14931.8,596.5,3.1416,0
cell_thermal_phase_shifter,14638.6,351.5,3.1416,0
cell_thermal_phase_shifter,14638.6,491.5,3.1416,0
cell_thermal_phase_shifter,14638.6,631.5,3.1416,0
cell_thermal_phase_shifter,14638.6,771.5,3.1416,0
cell_thermal_phase_shifter,14931.8,736.5,3.1416,0
AMF_PSOI_Si2X2MMI_Cband_v3p0,14448.6,561.5,3.1416,0
cell_thermal_phase_shifter,14338.6,597.167,3.1416,0
cell_thermal_phase_shifter,14338.6,525.833,3.1416,0
AMF_PSOI_Si2X2MMI_Cband_v3p0,14183.6,561.5,3.1416,0
AMF_PSOI_Si1X2MMI_Cband_v3p0,14688.6,631.5,0.0,0
AMF_PSOI_Si1X2MMI_Cband_v3p0,15055.0,771.5,3.1416,0
cell_thermal_phase_shifter,14931.8,806.5,3.1416,0
AMF_PSOI_Si2X2MMI_Cband_v3p0,14448.6,841.5,3.1416,0
AMF_PSOI_Si1X2MMI_Cband_v3p0,14688.6,771.5,0.0,0
cell_thermal_phase_shifter,14338.6,805.833,3.1416,0
AMF_PSOI_Si2X2MMI_Cband_v3p0,14183.6,841.5,3.1416,0
AMF_PSOI_Si1X2MMI_Cband_v3p0,15500.0,841.5,3.1416,0
AMF_PSOI_Si1X2MMI_Cband_v3p0,15055.0,351.5,3.1416,0
AMF_PSOI_Si1X2MMI_Cband_v3p0,15180.0,421.5,3.1416,0
AMF_PSOI_Si1X2MMI_Cband_v3p0,15180.0,701.5,3.1416,0
AMF_PSOI_Si2X2MMI_Cband_v3p0,14038.6,701.5,3.1416,0
cell_thermal_phase_shifter,13928.6,737.167,3.1416,0
cell_thermal_phase_shifter,13928.6,665.833,3.1416,0
cell_thermal_phase_shifter,14931.8,386.5,3.1416,0
AMF_PSOI_Si2X2MMI_Cband_v3p0,14038.6,421.5,3.1416,0
cell_thermal_phase_shifter,13928.6,457.167,3.1416,0
cell_thermal_phase_shifter,13928.6,385.833,3.1416,0
cell_thermal_phase_shifter,14931.8,316.5,3.1416,0
AMF_PSOI_Si1X2MMI_Cband_v3p0,14688.6,351.5,0.0,0
AMF_PSOI_Si1X2MMI_Cband_v3p0,15305.0,561.5,3.1416,0
AMF_PSOI_Si1X2MMI_Cband_v3p0,15055.0,491.5,3.1416,0
cell_thermal_phase_shifter,14931.8,526.5,3.1416,0
cell_thermal_phase_shifter,3834.6,666.5,0.0,0
cell_thermal_phase_shifter,3834.6,596.5,0.0,0
cell_thermal_phase_shifter,3834.6,526.5,0.0,0
cell_thermal_phase_shifter,3834.6,456.5,0.0,0
AMF_PSOI_Si1X2MMI_Cband_v3p0,3917.8,1810.0,0.0,0
AMF_PSOI_Si1X2MMI_Cband_v3p0,3917.8,1670.0,0.0,0
AMF_PSOI_Si1X2MMI_Cband_v3p0,3917.8,1530.0,0.0,0
AMF_PSOI_PowMonitor_Cband_Cell_v3p5,3917.8,2450.0,0.0,0
AMF_PSOI_PowMonitor_Cband_Cell_v3p5,3917.8,2310.0,0.0,0
AMF_PSOI_PowMonitor_Cband_Cell_v3p5,3917.8,2170.0,0.0,0
cell_thermal_phase_shifter,3834.6,1226.5,0.0,0
cell_thermal_phase_shifter,3834.6,1156.5,0.0,0
cell_thermal_phase_shifter,3834.6,1086.5,0.0,0
cell_thermal_phase_shifter,3834.6,1016.5,0.0,0
cell_thermal_phase_shifter,3834.6,946.5,0.0,0
cell_thermal_phase_shifter,3834.6,876.5,0.0,0
cell_thermal_phase_shifter,3834.6,806.5,0.0,0
cell_thermal_phase_shifter,3834.6,736.5,0.0,0
cell_thermal_phase_shifter,5916.2,1735.667,3.1416,0
cell_thermal_phase_shifter,5916.2,1664.333,3.1416,0
cell_thermal_phase_shifter,7261.8,2055.0,3.1416,0
AMF_PSOI_Si2X2MMI_Cband_v3p0,5932.2,2300.0,3.1416,0
AMF_PSOI_Si1X2MMI_Cband_v3p0,6002.2,2230.0,0.0,0
AMF_PSOI_Si1X2MMI_Cband_v3p0,7600.0,2300.0,3.1416,0
AMF_PSOI_Si1X2MMI_Cband_v3p0,7475.0,2160.0,3.1416,0
AMF_PSOI_Si1X2MMI_Cband_v3p0,7475.0,2440.0,3.1416,0
AMF_PSOI_Si1X2MMI_Cband_v3p0,7385.0,2090.0,3.1416,0
cell_thermal_phase_shifter,7261.8,2125.0,3.1416,0
input_coupler,7800.0,2300.0,3.1416,0
AMF_PSOI_Si1X2MMI_Cband_v3p0,7018.6,2090.0,0.0,0
AMF_PSOI_Si1X2MMI_Cband_v3p0,7385.0,2230.0,3.1416,0
cell_thermal_phase_shifter,7261.8,2265.0,3.1416,0
cell_thermal_phase_shifter,7261.8,2195.0,3.1416,0
AMF_PSOI_Si1X2MMI_Cband_v3p0,7018.6,2230.0,0.0,0
AMF_PSOI_Si1X2MMI_Cband_v3p0,7385.0,2370.0,3.1416,0
cell_thermal_phase_shifter,7261.8,2405.0,3.1416,0
cell_thermal_phase_shifter,7261.8,2335.0,3.1416,0
AMF_PSOI_Si1X2MMI_Cband_v3p0,7018.6,2370.0,0.0,0
AMF_PSOI_Si1X2MMI_Cband_v3p0,7385.0,2510.0,3.1416,0
cell_thermal_phase_shifter,7261.8,2545.0,3.1416,0
cell_thermal_phase_shifter,7261.8,2475.0,3.1416,0
AMF_PSOI_Si1X2MMI_Cband_v3p0,7018.6,2510.0,0.0,0
cell_thermal_phase_shifter,6968.6,2090.0,3.1416,0
cell_thermal_phase_shifter,6968.6,2230.0,3.1416,0
cell_thermal_phase_shifter,6968.6,2370.0,3.1416,0
cell_thermal_phase_shifter,6968.6,2510.0,3.1416,0
AMF_PSOI_PowMonitor_Cband_Cell_v3p5,6748.6,2510.0,3.1416,0
AMF_PSOI_Si2X2MMI_Cband_v3p0,6778.6,2300.0,3.1416,0
cell_thermal_phase_shifter,6668.6,2335.667,3.1416,0
cell_thermal_phase_shifter,6668.6,2264.333,3.1416,0
AMF_PSOI_Si2X2MMI_Cband_v3p0,6513.6,2300.0,3.1416,0
AMF_PSOI_Si1X2MMI_Cband_v3p0,6368.6,2370.0,3.1416,0
cell_thermal_phase_shifter,6245.4,2405.0,3.1416,0
cell_thermal_phase_shifter,6245.4,2335.0,3.1416,0
AMF_PSOI_Si1X2MMI_Cband_v3p0,6002.2,2370.0,0.0,0
AMF_PSOI_Si1X2MMI_Cband_v3p0,6368.6,2230.0,3.1416,0
cell_thermal_phase_shifter,6245.4,2265.0,3.1416,0
cell_thermal_phase_shifter,6245.4,2195.0,3.1416,0
AMF_PSOI_PowMonitor_Cband_Cell_v3p5,5399.0,2405.0,3.1416,0
AMF_PSOI_Si1X2MMI_Cband_v3p0,5214.0,2335.9,0.0,0
AMF_PSOI_PowMonitor_Cband_Cell_v3p5,5194.0,2335.9,3.1416,0
AMF_PSOI_Si1X2MMI_Cband_v3p0,5522.2,2230.0,3.1416,0
AMF_PSOI_PowMonitor_Cband_Cell_v3p5,5399.0,2195.0,3.1416,0
AMF_PSOI_Si1X2MMI_Cband_v3p0,5214.0,2264.1,0.0,0
AMF_PSOI_PowMonitor_Cband_Cell_v3p5,5194.0,2264.1,3.1416,0
AMF_PSOI_Si1X2MMI_Cband_v3p0,4934.0,2300.0,0.0,0
cell_thermal_phase_shifter,5822.2,2335.667,3.1416,0
cell_thermal_phase_shifter,5822.2,2264.333,3.1416,0
AMF_PSOI_Si2X2MMI_Cband_v3p0,5667.2,2300.0,3.1416,0
AMF_PSOI_Si1X2MMI_Cband_v3p0,5522.2,2370.0,3.1416,0
AMF_PSOI_PowMonitor_Cband_Cell_v3p5,4041.0,1495.0,0.0,0
AMF_PSOI_Si1X2MMI_Cband_v3p0,4226.0,1564.1,3.1416,0
AMF_PSOI_PowMonitor_Cband_Cell_v3p5,4381.0,1950.9,3.1416,0
AMF_PSOI_Si1X2MMI_Cband_v3p0,4506.0,1599.1,3.1416,0
AMF_PSOI_Si1X2MMI_Cband_v3p0,4506.0,1880.9,3.1416,0
AMF_PSOI_Si1X2MMI_Cband_v3p0,4631.0,1740.0,3.1416,0
AMF_PSOI_PowMonitor_Cband_Cell_v3p5,4246.0,1564.1,0.0,0
AMF_PSOI_Si2X2MMI_Cband_v3p0,5761.2,1700.0,3.1416,0
AMF_PSOI_Si1X2MMI_Cband_v3p0,5616.2,1770.0,3.1416,0
AMF_PSOI_PowMonitor_Cband_Cell_v3p5,5493.0,1805.0,3.1416,0
AMF_PSOI_Si1X2MMI_Cband_v3p0,5308.0,1735.9,0.0,0
AMF_PSOI_PowMonitor_Cband_Cell_v3p5,5288.0,1735.9,3.1416,0
AMF_PSOI_Si1X2MMI_Cband_v3p0,5616.2,1630.0,3.1416,0
AMF_PSOI_PowMonitor_Cband_Cell_v3p5,5493.0,1595.0,3.1416,0
AMF_PSOI_Si1X2MMI_Cband_v3p0,5308.0,1664.1,0.0,0
AMF_PSOI_PowMonitor_Cband_Cell_v3p5,5288.0,1664.1,3.1416,0
AMF_PSOI_Si1X2MMI_Cband_v3p0,5028.0,1700.0,0.0,0
AMF_PSOI_PowMonitor_Cband_Cell_v3p5,4041.0,1845.0,0.0,0
AMF_PSOI_Si1X2MMI_Cband_v3p0,4226.0,1775.9,3.1416,0
AMF_PSOI_PowMonitor_Cband_Cell_v3p5,4246.0,1775.9,0.0,0
AMF_PSOI_PowMonitor_Cband_Cell_v3p5,4041.0,1635.0,0.0,0
AMF_PSOI_Si1X2MMI_Cband_v3p0,4226.0,1704.1,3.1416,0
AMF_PSOI_PowMonitor_Cband_Cell_v3p5,4246.0,1704.1,0.0,0
AMF_PSOI_PowMonitor_Cband_Cell_v3p5,6842.6,1910.0,3.1416,0
AMF_PSOI_Si2X2MMI_Cband_v3p0,6872.6,1700.0,3.1416,0
cell_thermal_phase_shifter,6762.6,1735.667,3.1416,0
cell_thermal_phase_shifter,6762.6,1664.333,3.1416,0
AMF_PSOI_Si2X2MMI_Cband_v3p0,6607.6,1700.0,3.1416,0
AMF_PSOI_Si1X2MMI_Cband_v3p0,6462.6,1770.0,3.1416,0
cell_thermal_phase_shifter,6339.4,1805.0,3.1416,0
cell_thermal_phase_shifter,6339.4,1735.0,3.1416,0
AMF_PSOI_Si1X2MMI_Cband_v3p0,6096.2,1770.0,0.0,0
AMF_PSOI_Si1X2MMI_Cband_v3p0,6462.6,1630.0,3.1416,0
cell_thermal_phase_shifter,6339.4,1665.0,3.1416,0
cell_thermal_phase_shifter,6339.4,1595.0,3.1416,0
AMF_PSOI_Si1X2MMI_Cband_v3p0,6096.2,1630.0,0.0,0
AMF_PSOI_Si2X2MMI_Cband_v3p0,6026.2,1700.0,3.1416,0
AMF_PSOI_SiGC1D_Cband_v3p0,7714.0,1700.0,0.0,0
AMF_PSOI_Si1X2MMI_Cband_v3p0,7112.6,1490.0,0.0,0
AMF_PSOI_Si1X2MMI_Cband_v3p0,7479.0,1630.0,3.1416,0
cell_thermal_phase_shifter,7355.8,1665.0,3.1416,0
AMF_PSOI_Si1X2MMI_Cband_v3p0,7694.0,1700.0,3.1416,0
cell_thermal_phase_shifter,7355.8,1595.0,3.1416,0
AMF_PSOI_Si1X2MMI_Cband_v3p0,7112.6,1630.0,0.0,0
AMF_PSOI_Si1X2MMI_Cband_v3p0,7479.0,1770.0,3.1416,0
AMF_PSOI_Si1X2MMI_Cband_v3p0,7569.0,1560.0,3.1416,0
cell_thermal_phase_shifter,7355.8,1805.0,3.1416,0
cell_thermal_phase_shifter,7355.8,1735.0,3.1416,0
AMF_PSOI_Si1X2MMI_Cband_v3p0,7112.6,1770.0,0.0,0
AMF_PSOI_Si1X2MMI_Cband_v3p0,7479.0,1910.0,3.1416,0
cell_thermal_phase_shifter,7355.8,1945.0,3.1416,0
cell_thermal_phase_shifter,7355.8,1875.0,3.1416,0
AMF_PSOI_Si1X2MMI_Cband_v3p0,7112.6,1910.0,0.0,0
AMF_PSOI_Si1X2MMI_Cband_v3p0,7569.0,1840.0,3.1416,0
AMF_PSOI_Si1X2MMI_Cband_v3p0,7479.0,1490.0,3.1416,0
cell_thermal_phase_shifter,7355.8,1525.0,3.1416,0
cell_thermal_phase_shifter,7062.6,1490.0,3.1416,0
cell_thermal_phase_shifter,7062.6,1630.0,3.1416,0
cell_thermal_phase_shifter,7062.6,1770.0,3.1416,0
cell_thermal_phase_shifter,7062.6,1910.0,3.1416,0
cell_thermal_phase_shifter,1951.4,1775.667,0.0,0
cell_thermal_phase_shifter,1951.4,1704.333,0.0,0
cell_thermal_phase_shifter,1951.4,1495.667,0.0,0
cell_thermal_phase_shifter,1131.4,2064.333,0.0,0
cell_thermal_phase_shifter,1951.4,2415.667,0.0,0
cell_thermal_phase_shifter,1951.4,2344.333,0.0,0
cell_thermal_phase_shifter,1951.4,2135.667,0.0,0
cell_thermal_phase_shifter,1951.4,2064.333,0.0,0
cell_thermal_phase_shifter,2797.8,2064.333,0.0,0
cell_thermal_phase_shifter,3617.8,2064.333,0.0,0
cell_thermal_phase_shifter,2797.8,2415.667,0.0,0
cell_thermal_phase_shifter,2797.8,2344.333,0.0,0
AMF_PSOI_Si2X2MMI_Cband_v3p0,2952.8,2380.0,0.0,0
AMF_PSOI_Si2X2MMI_Cband_v3p0,2687.8,2100.0,0.0,0
cell_thermal_phase_shifter,2797.8,2135.667,0.0,0
AMF_PSOI_Si2X2MMI_Cband_v3p0,2106.4,2380.0,0.0,0
AMF_PSOI_Si2X2MMI_Cband_v3p0,2952.8,2100.0,0.0,0
AMF_PSOI_Si2X2MMI_Cband_v3p0,3097.8,2240.0,0.0,0
cell_thermal_phase_shifter,3207.8,2275.667,0.0,0
cell_thermal_phase_shifter,3207.8,2204.333,0.0,0
AMF_PSOI_Si2X2MMI_Cband_v3p0,3362.8,2240.0,0.0,0
AMF_PSOI_Si2X2MMI_Cband_v3p0,3097.8,2520.0,0.0,0
cell_thermal_phase_shifter,3207.8,2555.667,0.0,0
cell_thermal_phase_shifter,3207.8,2484.333,0.0,0
AMF_PSOI_Si2X2MMI_Cband_v3p0,3362.8,2520.0,0.0,0
AMF_PSOI_Si2X2MMI_Cband_v3p0,3507.8,2380.0,0.0,0
cell_thermal_phase_shifter,3617.8,2415.667,0.0,0
cell_thermal_phase_shifter,3617.8,2344.333,0.0,0
AMF_PSOI_Si2X2MMI_Cband_v3p0,3772.8,2380.0,0.0,0
AMF_PSOI_Si2X2MMI_Cband_v3p0,3507.8,2100.0,0.0,0
cell_thermal_phase_shifter,3617.8,2135.667,0.0,0
AMF_PSOI_Si2X2MMI_Cband_v3p0,2106.4,2100.0,0.0,0
AMF_PSOI_Si2X2MMI_Cband_v3p0,3772.8,2100.0,0.0,0
AMF_PSOI_Si1X2MMI_Cband_v3p0,2251.4,2450.0,0.0,0
cell_thermal_phase_shifter,2374.6,2485.0,0.0,0
cell_thermal_phase_shifter,2374.6,2415.0,0.0,0
AMF_PSOI_Si1X2MMI_Cband_v3p0,2617.8,2450.0,3.1416,0
AMF_PSOI_Si1X2MMI_Cband_v3p0,2251.4,2310.0,0.0,0
cell_thermal_phase_shifter,2374.6,2345.0,0.0,0
cell_thermal_phase_shifter,2374.6,2275.0,0.0,0
AMF_PSOI_Si1X2MMI_Cband_v3p0,2617.8,2310.0,3.1416,0
AMF_PSOI_Si1X2MMI_Cband_v3p0,2251.4,2170.0,0.0,0
cell_thermal_phase_shifter,2374.6,2205.0,0.0,0
cell_thermal_phase_shifter,2374.6,2135.0,0.0,0
AMF_PSOI_Si1X2MMI_Cband_v3p0,2617.8,2170.0,3.1416,0
AMF_PSOI_Si2X2MMI_Cband_v3p0,2687.8,2380.0,0.0,0
AMF_PSOI_Si1X2MMI_Cband_v3p0,325.0,2240.0,0.0,0
AMF_PSOI_Si2X2MMI_Cband_v3p0,1841.4,2100.0,0.0,0
AMF_PSOI_Si1X2MMI_Cband_v3p0,415.0,2590.0,0.0,0
cell_thermal_phase_shifter,538.2,2625.0,0.0,0
cell_thermal_phase_shifter,538.2,2555.0,0.0,0
AMF_PSOI_Si1X2MMI_Cband_v3p0,781.4,2590.0,3.1416,0
AMF_PSOI_Si1X2MMI_Cband_v3p0,415.0,2450.0,0.0,0
cell_thermal_phase_shifter,538.2,2485.0,0.0,0
cell_thermal_phase_shifter,538.2,2415.0,0.0,0
AMF_PSOI_Si1X2MMI_Cband_v3p0,781.4,2450.0,3.1416,0
AMF_PSOI_Si1X2MMI_Cband_v3p0,415.0,2310.0,0.0,0
cell_thermal_phase_shifter,538.2,2345.0,0.0,0
cell_thermal_phase_shifter,538.2,2275.0,0.0,0
AMF_PSOI_Si1X2MMI_Cband_v3p0,781.4,2310.0,3.1416,0
AMF_PSOI_Si1X2MMI_Cband_v3p0,415.0,2170.0,0.0,0
cell_thermal_phase_shifter,538.2,2205.0,0.0,0
cell_thermal_phase_shifter,538.2,2135.0,0.0,0
AMF_PSOI_Si1X2MMI_Cband_v3p0,781.4,2170.0,3.1416,0
cell_thermal_phase_shifter,831.4,2590.0,0.0,0
cell_thermal_phase_shifter,831.4,2450.0,0.0,0
cell_thermal_phase_shifter,831.4,2310.0,0.0,0
cell_thermal_phase_shifter,831.4,2170.0,0.0,0
AMF_PSOI_Si2X2MMI_Cband_v3p0,1021.4,2380.0,0.0,0
cell_thermal_phase_shifter,1131.4,2415.667,0.0,0
cell_thermal_phase_shifter,1131.4,2344.333,0.0,0
AMF_PSOI_Si2X2MMI_Cband_v3p0,1286.4,2380.0,0.0,0
AMF_PSOI_Si2X2MMI_Cband_v3p0,1021.4,2100.0,0.0,0
cell_thermal_phase_shifter,1131.4,2135.667,0.0,0
input_coupler,0.0,2380.0,0.0,0
AMF_PSOI_Si2X2MMI_Cband_v3p0,1286.4,2100.0,0.0,0
AMF_PSOI_Si2X2MMI_Cband_v3p0,1431.4,2240.0,0.0,0
cell_thermal_phase_shifter,1541.4,2275.667,0.0,0
cell_thermal_phase_shifter,1541.4,2204.333,0.0,0
AMF_PSOI_Si2X2MMI_Cband_v3p0,1696.4,2240.0,0.0,0
AMF_PSOI_Si2X2MMI_Cband_v3p0,1431.4,2520.0,0.0,0
cell_thermal_phase_shifter,1541.4,2555.667,0.0,0
cell_thermal_phase_shifter,1541.4,2484.333,0.0,0
AMF_PSOI_Si2X2MMI_Cband_v3p0,1696.4,2520.0,0.0,0
AMF_PSOI_Si2X2MMI_Cband_v3p0,1841.4,2380.0,0.0,0
AMF_PSOI_Si1X2MMI_Cband_v3p0,200.0,2380.0,0.0,0
AMF_PSOI_Si1X2MMI_Cband_v3p0,325.0,2520.0,0.0,0
AMF_PSOI_PowMonitor_Cband_Cell_v3p5,1021.4,2590.0,0.0,0
AMF_PSOI_Si2X2MMI_Cband_v3p0,1841.4,1740.0,0.0,0
AMF_PSOI_Si1X2MMI_Cband_v3p0,781.4,1530.0,3.1416,0
cell_thermal_phase_shifter,831.4,1950.0,0.0,0
cell_thermal_phase_shifter,831.4,1810.0,0.0,0
input_coupler,0.0,1740.0,0.0,0
AMF_PSOI_Si1X2MMI_Cband_v3p0,200.0,1740.0,0.0,0
AMF_PSOI_Si1X2MMI_Cband_v3p0,325.0,1880.0,0.0,0
AMF_PSOI_Si1X2MMI_Cband_v3p0,325.0,1600.0,0.0,0
AMF_PSOI_Si1X2MMI_Cband_v3p0,415.0,1950.0,0.0,0
cell_thermal_phase_shifter,538.2,1985.0,0.0,0
cell_thermal_phase_shifter,538.2,1915.0,0.0,0
AMF_PSOI_Si1X2MMI_Cband_v3p0,781.4,1950.0,3.1416,0
AMF_PSOI_Si1X2MMI_Cband_v3p0,415.0,1810.0,0.0,0
cell_thermal_phase_shifter,538.2,1845.0,0.0,0
cell_thermal_phase_shifter,538.2,1775.0,0.0,0
AMF_PSOI_Si1X2MMI_Cband_v3p0,781.4,1810.0,3.1416,0
AMF_PSOI_Si1X2MMI_Cband_v3p0,415.0,1670.0,0.0,0
cell_thermal_phase_shifter,538.2,1705.0,0.0,0
cell_thermal_phase_shifter,538.2,1635.0,0.0,0
AMF_PSOI_Si1X2MMI_Cband_v3p0,781.4,1670.0,3.1416,0
cell_thermal_phase_shifter,831.4,1670.0,0.0,0
cell_thermal_phase_shifter,831.4,1530.0,0.0,0
AMF_PSOI_Si2X2MMI_Cband_v3p0,1021.4,1740.0,0.0,0
cell_thermal_phase_shifter,1131.4,1775.667,0.0,0
cell_thermal_phase_shifter,1131.4,1704.333,0.0,0
AMF_PSOI_Si2X2MMI_Cband_v3p0,1286.4,1740.0,0.0,0
cell_thermal_phase_shifter,1131.4,1495.667,0.0,0
AMF_PSOI_Si2X2MMI_Cband_v3p0,1431.4,1600.0,0.0,0
cell_thermal_phase_shifter,1541.4,1635.667,0.0,0
cell_thermal_phase_shifter,1541.4,1564.333,0.0,0
AMF_PSOI_Si2X2MMI_Cband_v3p0,1696.4,1600.0,0.0,0
AMF_PSOI_Si2X2MMI_Cband_v3p0,1431.4,1880.0,0.0,0
cell_thermal_phase_shifter,1541.4,1915.667,0.0,0
cell_thermal_phase_shifter,1541.4,1844.333,0.0,0
AMF_PSOI_Si1X2MMI_Cband_v3p0,415.0,1530.0,0.0,0
cell_thermal_phase_shifter,538.2,1565.0,0.0,0
cell_thermal_phase_shifter,538.2,1495.0,0.0,0
AMF_PSOI_Si2X2MMI_Cband_v3p0,1696.4,1880.0,0.0,0
cell_thermal_phase_shifter,2374.6,1565.0,0.0,0
cell_thermal_phase_shifter,2374.6,1495.0,0.0,0
AMF_PSOI_Si1X2MMI_Cband_v3p0,2617.8,1530.0,3.1416,0
AMF_PSOI_Si2X2MMI_Cband_v3p0,2687.8,1740.0,0.0,0
cell_thermal_phase_shifter,2797.8,1775.667,0.0,0
cell_thermal_phase_shifter,2797.8,1704.333,0.0,0
AMF_PSOI_Si2X2MMI_Cband_v3p0,2952.8,1740.0,0.0,0
cell_thermal_phase_shifter,2797.8,1495.667,0.0,0
AMF_PSOI_Si2X2MMI_Cband_v3p0,3097.8,1600.0,0.0,0
cell_thermal_phase_shifter,3207.8,1635.667,0.0,0
cell_thermal_phase_shifter,3207.8,1564.333,0.0,0
AMF_PSOI_Si2X2MMI_Cband_v3p0,3362.8,1600.0,0.0,0
AMF_PSOI_Si2X2MMI_Cband_v3p0,3097.8,1880.0,0.0,0
cell_thermal_phase_shifter,3207.8,1915.667,0.0,0
cell_thermal_phase_shifter,3207.8,1844.333,0.0,0
AMF_PSOI_Si2X2MMI_Cband_v3p0,3362.8,1880.0,0.0,0
AMF_PSOI_Si2X2MMI_Cband_v3p0,3507.8,1740.0,0.0,0
cell_thermal_phase_shifter,3617.8,1775.667,0.0,0
cell_thermal_phase_shifter,3617.8,1704.333,0.0,0
AMF_PSOI_Si2X2MMI_Cband_v3p0,3772.8,1740.0,0.0,0
cell_thermal_phase_shifter,3617.8,1495.667,0.0,0
AMF_PSOI_Si2X2MMI_Cband_v3p0,2106.4,1740.0,0.0,0
AMF_PSOI_Si1X2MMI_Cband_v3p0,2251.4,1810.0,0.0,0
cell_thermal_phase_shifter,2374.6,1845.0,0.0,0
cell_thermal_phase_shifter,2374.6,1775.0,0.0,0
AMF_PSOI_Si1X2MMI_Cband_v3p0,2617.8,1810.0,3.1416,0
AMF_PSOI_Si1X2MMI_Cband_v3p0,2251.4,1670.0,0.0,0
cell_thermal_phase_shifter,2374.6,1705.0,0.0,0
cell_thermal_phase_shifter,2374.6,1635.0,0.0,0
AMF_PSOI_Si1X2MMI_Cband_v3p0,2617.8,1670.0,3.1416,0
AMF_PSOI_Si1X2MMI_Cband_v3p0,2251.4,1530.0,0.0,0
cell_thermal_phase_shifter,1951.4,1424.333,0.0,0
cell_thermal_phase_shifter,1361.4,877.167,0.0,0
AMF_PSOI_Si2X2MMI_Cband_v3p0,1926.4,981.5,0.0,0
AMF_PSOI_Si2X2MMI_Cband_v3p0,1926.4,1261.5,0.0,0
AMF_PSOI_Si2X2MMI_Cband_v3p0,1926.4,701.5,0.0,0
AMF_PSOI_Si2X2MMI_Cband_v3p0,1926.4,421.5,0.0,0
cell_thermal_phase_shifter,2181.4,877.167,0.0,0
cell_thermal_phase_shifter,3001.4,877.167,0.0,0
cell_thermal_phase_shifter,768.2,876.5,0.0,0
cell_thermal_phase_shifter,3001.4,1157.167,0.0,0
cell_thermal_phase_shifter,3001.4,1085.833,0.0,0
AMF_PSOI_Si2X2MMI_Cband_v3p0,3156.4,1121.5,0.0,0
cell_thermal_phase_shifter,3617.8,1424.333,0.0,0
AMF_PSOI_Si2X2MMI_Cband_v3p0,3301.4,981.5,0.0,0
cell_thermal_phase_shifter,3411.4,1017.167,0.0,0
cell_thermal_phase_shifter,3411.4,945.833,0.0,0
AMF_PSOI_Si2X2MMI_Cband_v3p0,3566.4,981.5,0.0,0
AMF_PSOI_Si2X2MMI_Cband_v3p0,3301.4,1261.5,0.0,0
cell_thermal_phase_shifter,3411.4,1297.167,0.0,0
cell_thermal_phase_shifter,3411.4,1225.833,0.0,0
AMF_PSOI_Si2X2MMI_Cband_v3p0,3566.4,1261.5,0.0,0
AMF_PSOI_Si1X2MMI_Cband_v3p0,3711.4,1191.5,0.0,0
AMF_PSOI_Si1X2MMI_Cband_v3p0,3711.4,1051.5,0.0,0
AMF_PSOI_Si1X2MMI_Cband_v3p0,3711.4,911.5,0.0,0
AMF_PSOI_Si2X2MMI_Cband_v3p0,3772.8,1460.0,0.0,0
AMF_PSOI_Si2X2MMI_Cband_v3p0,2687.8,1460.0,0.0,0
cell_thermal_phase_shifter,2797.8,1424.333,0.0,0
AMF_PSOI_Si2X2MMI_Cband_v3p0,2952.8,1460.0,0.0,0
AMF_PSOI_Si2X2MMI_Cband_v3p0,2106.4,1460.0,0.0,0
AMF_PSOI_Si2X2MMI_Cband_v3p0,2071.4,1121.5,0.0,0
cell_thermal_phase_shifter,2181.4,1157.167,0.0,0
cell_thermal_phase_shifter,2181.4,1085.833,0.0,0
AMF_PSOI_Si2X2MMI_Cband_v3p0,2481.4,981.5,0.0,0
cell_thermal_phase_shifter,2591.4,1017.167,0.0,0
cell_thermal_phase_shifter,2591.4,945.833,0.0,0
AMF_PSOI_Si2X2MMI_Cband_v3p0,2746.4,981.5,0.0,0
AMF_PSOI_Si2X2MMI_Cband_v3p0,2481.4,1261.5,0.0,0
cell_thermal_phase_shifter,2591.4,1297.167,0.0,0
cell_thermal_phase_shifter,2591.4,1225.833,0.0,0
AMF_PSOI_Si2X2MMI_Cband_v3p0,2746.4,1261.5,0.0,0
AMF_PSOI_Si2X2MMI_Cband_v3p0,2891.4,1121.5,0.0,0
AMF_PSOI_Si2X2MMI_Cband_v3p0,2336.4,1121.5,0.0,0
AMF_PSOI_Si2X2MMI_Cband_v3p0,3507.8,1460.0,0.0,0
cell_thermal_phase_shifter,1061.4,911.5,0.0,0
AMF_PSOI_Si2X2MMI_Cband_v3p0,1841.4,1460.0,0.0,0
cell_thermal_phase_shifter,1061.4,1331.5,0.0,0
AMF_PSOI_Si2X2MMI_Cband_v3p0,1661.4,981.5,0.0,0
cell_thermal_phase_shifter,1771.4,1017.167,0.0,0
cell_thermal_phase_shifter,1771.4,945.833,0.0,0
cell_thermal_phase_shifter,1061.4,1191.5,0.0,0
AMF_PSOI_Si2X2MMI_Cband_v3p0,1661.4,1261.5,0.0,0
cell_thermal_phase_shifter,1771.4,1297.167,0.0,0
cell_thermal_phase_shifter,1771.4,1225.833,0.0,0
AMF_PSOI_Si1X2MMI_Cband_v3p0,645.0,1331.5,0.0,0
cell_thermal_phase_shifter,768.2,1366.5,0.0,0
AMF_PSOI_Si2X2MMI_Cband_v3p0,1251.4,1121.5,0.0,0
cell_thermal_phase_shifter,768.2,1296.5,0.0,0
AMF_PSOI_Si1X2MMI_Cband_v3p0,1011.4,1331.5,3.1416,0
cell_thermal_phase_shifter,1361.4,1157.167,0.0,0
AMF_PSOI_Si1X2MMI_Cband_v3p0,645.0,1191.5,0.0,0
cell_thermal_phase_shifter,768.2,1226.5,0.0,0
cell_thermal_phase_shifter,768.2,1156.5,0.0,0
AMF_PSOI_Si1X2MMI_Cband_v3p0,1011.4,1191.5,3.1416,0
AMF_PSOI_Si1X2MMI_Cband_v3p0,645.0,1051.5,0.0,0
cell_thermal_phase_shifter,768.2,1086.5,0.0,0
AMF_PSOI_Si2X2MMI_Cband_v3p0,1021.4,1460.0,0.0,0
cell_thermal_phase_shifter,1131.4,1424.333,0.0,0
AMF_PSOI_Si2X2MMI_Cband_v3p0,1286.4,1460.0,0.0,0
cell_thermal_phase_shifter,768.2,1016.5,0.0,0
AMF_PSOI_Si1X2MMI_Cband_v3p0,1011.4,1051.5,3.1416,0
AMF_PSOI_PowMonitor_Cband_Cell_v3p5,1251.4,1331.5,0.0,0
AMF_PSOI_Si1X2MMI_Cband_v3p0,645.0,911.5,0.0,0
cell_thermal_phase_shifter,768.2,946.5,0.0,0
cell_thermal_phase_shifter,1361.4,1085.833,0.0,0
AMF_PSOI_Si1X2MMI_Cband_v3p0,1011.4,911.5,3.1416,0
AMF_PSOI_Si1X2MMI_Cband_v3p0,395.0,1121.5,0.0,0
AMF_PSOI_Si1X2MMI_Cband_v3p0,520.0,1261.5,0.0,0
AMF_PSOI_Si1X2MMI_Cband_v3p0,520.0,981.5,0.0,0
AMF_PSOI_Si2X2MMI_Cband_v3p0,1516.4,1121.5,0.0,0
cell_thermal_phase_shifter,1061.4,1051.5,0.0,0
AMF_PSOI_Si2X2MMI_Cband_v3p0,1661.4,421.5,0.0,0
cell_thermal_phase_shifter,1771.4,457.167,0.0,0
cell_thermal_phase_shifter,1771.4,385.833,0.0,0
AMF_PSOI_Si1X2MMI_Cband_v3p0,645.0,351.5,0.0,0
cell_thermal_phase_shifter,768.2,386.5,0.0,0
cell_thermal_phase_shifter,768.2,316.5,0.0,0
AMF_PSOI_Si2X2MMI_Cband_v3p0,1251.4,841.5,0.0,0
AMF_PSOI_Si1X2MMI_Cband_v3p0,1011.4,351.5,3.1416,0
cell_thermal_phase_shifter,1361.4,805.833,0.0,0
AMF_PSOI_Si2X2MMI_Cband_v3p0,1516.4,841.5,0.0,0
AMF_PSOI_Si2X2MMI_Cband_v3p0,1251.4,561.5,0.0,0
cell_thermal_phase_shifter,1361.4,597.167,0.0,0
AMF_PSOI_Si1X2MMI_Cband_v3p0,645.0,631.5,0.0,0
cell_thermal_phase_shifter,1361.4,525.833,0.0,0
cell_thermal_phase_shifter,768.2,666.5,0.0,0
cell_thermal_phase_shifter,768.2,596.5,0.0,0
AMF_PSOI_Si2X2MMI_Cband_v3p0,1516.4,561.5,0.0,0
AMF_PSOI_Si1X2MMI_Cband_v3p0,1011.4,631.5,3.1416,0
cell_thermal_phase_shifter,1061.4,771.5,0.0,0
AMF_PSOI_Si1X2MMI_Cband_v3p0,645.0,491.5,0.0,0
AMF_PSOI_PowMonitor_Cband_Cell_v3p5,1251.4,351.5,0.0,0
cell_thermal_phase_shifter,1061.4,631.5,0.0,0
cell_thermal_phase_shifter,768.2,526.5,0.0,0
cell_thermal_phase_shifter,768.2,456.5,0.0,0
cell_thermal_phase_shifter,1061.4,491.5,0.0,0
AMF_PSOI_Si1X2MMI_Cband_v3p0,645.0,771.5,0.0,0
cell_thermal_phase_shifter,768.2,806.5,0.0,0
cell_thermal_phase_shifter,768.2,736.5,0.0,0
AMF_PSOI_Si1X2MMI_Cband_v3p0,1011.4,771.5,3.1416,0
input_coupler,0.0,841.5,0.0,0
AMF_PSOI_Si1X2MMI_Cband_v3p0,200.0,841.5,0.0,0
cell_thermal_phase_shifter,1061.4,351.5,0.0,0
AMF_PSOI_Si1X2MMI_Cband_v3p0,395.0,561.5,0.0,0
AMF_PSOI_Si2X2MMI_Cband_v3p0,1661.4,701.5,0.0,0
cell_thermal_phase_shifter,1771.4,737.167,0.0,0
AMF_PSOI_Si1X2MMI_Cband_v3p0,520.0,701.5,0.0,0
AMF_PSOI_Si1X2MMI_Cband_v3p0,520.0,421.5,0.0,0
cell_thermal_phase_shifter,1771.4,665.833,0.0,0
AMF_PSOI_Si1X2MMI_Cband_v3p0,1011.4,491.5,3.1416,0
cell_thermal_phase_shifter,3001.4,805.833,0.0,0
AMF_PSOI_Si1X2MMI_Cband_v3p0,3711.4,771.5,0.0,0
AMF_PSOI_Si2X2MMI_Cband_v3p0,3156.4,841.5,0.0,0
AMF_PSOI_Si2X2MMI_Cband_v3p0,2891.4,561.5,0.0,0
AMF_PSOI_Si1X2MMI_Cband_v3p0,3711.4,631.5,0.0,0
cell_thermal_phase_shifter,3001.4,597.167,0.0,0
cell_thermal_phase_shifter,3001.4,525.833,0.0,0
AMF_PSOI_Si2X2MMI_Cband_v3p0,3156.4,561.5,0.0,0
AMF_PSOI_Si1X2MMI_Cband_v3p0,3711.4,491.5,0.0,0
AMF_PSOI_Si2X2MMI_Cband_v3p0,2336.4,561.5,0.0,0
AMF_PSOI_Si2X2MMI_Cband_v3p0,2071.4,841.5,0.0,0
AMF_PSOI_Si2X2MMI_Cband_v3p0,2481.4,701.5,0.0,0
cell_thermal_phase_shifter,2591.4,737.167,0.0,0
cell_thermal_phase_shifter,2591.4,665.833,0.0,0
AMF_PSOI_Si2X2MMI_Cband_v3p0,2746.4,701.5,0.0,0
AMF_PSOI_Si2X2MMI_Cband_v3p0,2481.4,421.5,0.0,0
cell_thermal_phase_shifter,2591.4,457.167,0.0,0
AMF_PSOI_Si2X2MMI_Cband_v3p0,3301.4,701.5,0.0,0
cell_thermal_phase_shifter,3411.4,737.167,0.0,0
cell_thermal_phase_shifter,3411.4,665.833,0.0,0
AMF_PSOI_Si2X2MMI_Cband_v3p0,3566.4,701.5,0.0,0
AMF_PSOI_Si2X2MMI_Cband_v3p0,3301.4,421.5,0.0,0
cell_thermal_phase_shifter,3411.4,457.167,0.0,0
cell_thermal_phase_shifter,3411.4,385.833,0.0,0
AMF_PSOI_Si2X2MMI_Cband_v3p0,3566.4,421.5,0.0,0
cell_thermal_phase_shifter,2591.4,385.833,0.0,0
AMF_PSOI_Si2X2MMI_Cband_v3p0,2746.4,421.5,0.0,0
cell_thermal_phase_shifter,2181.4,805.833,0.0,0
AMF_PSOI_Si2X2MMI_Cband_v3p0,2336.4,841.5,0.0,0
AMF_PSOI_Si2X2MMI_Cband_v3p0,2071.4,561.5,0.0,0
cell_thermal_phase_shifter,2181.4,597.167,0.0,0
AMF_PSOI_Si2X2MMI_Cband_v3p0,2891.4,841.5,0.0,0
cell_thermal_phase_shifter,2181.4,525.833,0.0,0
AMF_PSOI_Si2X2MMI_Cband_v3p0,4822.8,701.5,0.0,0
AMF_PSOI_Si2X2MMI_Cband_v3p0,4557.8,421.5,0.0,0
cell_thermal_phase_shifter,4667.8,457.167,0.0,0
cell_thermal_phase_shifter,4667.8,385.833,0.0,0
AMF_PSOI_Si2X2MMI_Cband_v3p0,4822.8,421.5,0.0,0
AMF_PSOI_Si2X2MMI_Cband_v3p0,4967.8,1121.5,0.0,0
cell_thermal_phase_shifter,5077.8,1157.167,0.0,0
cell_thermal_phase_shifter,5077.8,1085.833,0.0,0
AMF_PSOI_Si2X2MMI_Cband_v3p0,5232.8,1121.5,0.0,0
AMF_PSOI_Si2X2MMI_Cband_v3p0,4967.8,841.5,0.0,0
cell_thermal_phase_shifter,5077.8,877.167,0.0,0
cell_thermal_phase_shifter,5077.8,805.833,0.0,0
AMF_PSOI_Si2X2MMI_Cband_v3p0,5232.8,841.5,0.0,0
AMF_PSOI_Si2X2MMI_Cband_v3p0,4967.8,561.5,0.0,0
cell_thermal_phase_shifter,5077.8,597.167,0.0,0
cell_thermal_phase_shifter,5077.8,525.833,0.0,0
AMF_PSOI_Si2X2MMI_Cband_v3p0,5232.8,561.5,0.0,0
AMF_PSOI_Si2X2MMI_Cband_v3p0,5377.8,981.5,0.0,0
cell_thermal_phase_shifter,5487.8,1017.167,0.0,0
cell_thermal_phase_shifter,5487.8,945.833,0.0,0
AMF_PSOI_Si2X2MMI_Cband_v3p0,5642.8,981.5,0.0,0
AMF_PSOI_Si2X2MMI_Cband_v3p0,5377.8,1261.5,0.0,0
cell_thermal_phase_shifter,5487.8,1297.167,0.0,0
cell_thermal_phase_shifter,5487.8,1225.833,0.0,0
AMF_PSOI_Si2X2MMI_Cband_v3p0,5642.8,1261.5,0.0,0
AMF_PSOI_Si2X2MMI_Cband_v3p0,5377.8,701.5,0.0,0
cell_thermal_phase_shifter,5487.8,737.167,0.0,0
cell_thermal_phase_shifter,5487.8,665.833,0.0,0
AMF_PSOI_Si2X2MMI_Cband_v3p0,5642.8,701.5,0.0,0
AMF_PSOI_Si2X2MMI_Cband_v3p0,5377.8,421.5,0.0,0
cell_thermal_phase_shifter,5487.8,457.167,0.0,0
cell_thermal_phase_shifter,5487.8,385.833,0.0,0
AMF_PSOI_Si2X2MMI_Cband_v3p0,5642.8,421.5,0.0,0
AMF_PSOI_Si2X2MMI_Cband_v3p0,5787.8,1121.5,0.0,0
cell_thermal_phase_shifter,5897.8,1157.167,0.0,0
cell_thermal_phase_shifter,5897.8,1085.833,0.0,0
AMF_PSOI_Si2X2MMI_Cband_v3p0,6052.8,1121.5,0.0,0
AMF_PSOI_Si2X2MMI_Cband_v3p0,5787.8,841.5,0.0,0
cell_thermal_phase_shifter,5897.8,877.167,0.0,0
cell_thermal_phase_shifter,5897.8,805.833,0.0,0
AMF_PSOI_Si2X2MMI_Cband_v3p0,6052.8,841.5,0.0,0
AMF_PSOI_Si2X2MMI_Cband_v3p0,5787.8,561.5,0.0,0
cell_thermal_phase_shifter,5897.8,597.167,0.0,0
cell_thermal_phase_shifter,5897.8,525.833,0.0,0
AMF_PSOI_Si2X2MMI_Cband_v3p0,6052.8,561.5,0.0,0
AMF_PSOI_Si2X2MMI_Cband_v3p0,6197.8,981.5,0.0,0
cell_thermal_phase_shifter,6307.8,1017.167,0.0,0
cell_thermal_phase_shifter,6307.8,945.833,0.0,0
AMF_PSOI_Si2X2MMI_Cband_v3p0,6462.8,981.5,0.0,0
AMF_PSOI_Si2X2MMI_Cband_v3p0,6197.8,1261.5,0.0,0
cell_thermal_phase_shifter,6307.8,1297.167,0.0,0
cell_thermal_phase_shifter,6307.8,1225.833,0.0,0
AMF_PSOI_Si2X2MMI_Cband_v3p0,6462.8,1261.5,0.0,0
AMF_PSOI_Si2X2MMI_Cband_v3p0,6197.8,701.5,0.0,0
cell_thermal_phase_shifter,6307.8,737.167,0.0,0
cell_thermal_phase_shifter,6307.8,665.833,0.0,0
AMF_PSOI_Si2X2MMI_Cband_v3p0,6462.8,701.5,0.0,0
AMF_PSOI_Si2X2MMI_Cband_v3p0,6197.8,421.5,0.0,0
cell_thermal_phase_shifter,6307.8,457.167,0.0,0
cell_thermal_phase_shifter,6307.8,385.833,0.0,0
AMF_PSOI_Si2X2MMI_Cband_v3p0,6462.8,421.5,0.0,0
AMF_PSOI_PowMonitor_Cband_Cell_v3p5,6607.8,1191.5,0.0,0
AMF_PSOI_PowMonitor_Cband_Cell_v3p5,6607.8,1051.5,0.0,0
AMF_PSOI_PowMonitor_Cband_Cell_v3p5,6607.8,911.5,0.0,0
AMF_PSOI_PowMonitor_Cband_Cell_v3p5,6607.8,771.5,0.0,0
AMF_PSOI_PowMonitor_Cband_Cell_v3p5,6607.8,631.5,0.0,0
AMF_PSOI_PowMonitor_Cband_Cell_v3p5,6607.8,491.5,0.0,0
AMF_PSOI_Si1X2MMI_Cband_v3p0,4077.8,911.5,3.1416,0
AMF_PSOI_Si1X2MMI_Cband_v3p0,4077.8,631.5,3.1416,0
AMF_PSOI_Si1X2MMI_Cband_v3p0,4077.8,771.5,3.1416,0
AMF_PSOI_Si1X2MMI_Cband_v3p0,4077.8,1051.5,3.1416,0
AMF_PSOI_Si1X2MMI_Cband_v3p0,4077.8,1191.5,3.1416,0
AMF_PSOI_Si1X2MMI_Cband_v3p0,4077.8,491.5,3.1416,0
AMF_PSOI_Si2X2MMI_Cband_v3p0,4147.8,1121.5,0.0,0
cell_thermal_phase_shifter,4257.8,1157.167,0.0,0
cell_thermal_phase_shifter,7355.8,1455.0,3.1416,0
cell_thermal_phase_shifter,4257.8,1085.833,0.0,0
AMF_PSOI_Si2X2MMI_Cband_v3p0,4412.8,1121.5,0.0,0
AMF_PSOI_Si2X2MMI_Cband_v3p0,4147.8,841.5,0.0,0
cell_thermal_phase_shifter,4257.8,877.167,0.0,0
cell_thermal_phase_shifter,4257.8,805.833,0.0,0
AMF_PSOI_Si2X2MMI_Cband_v3p0,4412.8,841.5,0.0,0
AMF_PSOI_Si2X2MMI_Cband_v3p0,4147.8,561.5,0.0,0
cell_thermal_phase_shifter,4257.8,597.167,0.0,0
cell_thermal_phase_shifter,4257.8,525.833,0.0,0
AMF_PSOI_Si2X2MMI_Cband_v3p0,4412.8,561.5,0.0,0
AMF_PSOI_Si2X2MMI_Cband_v3p0,4557.8,981.5,0.0,0
cell_thermal_phase_shifter,4667.8,1017.167,0.0,0
cell_thermal_phase_shifter,4667.8,945.833,0.0,0
AMF_PSOI_Si2X2MMI_Cband_v3p0,4822.8,981.5,0.0,0
AMF_PSOI_Si2X2MMI_Cband_v3p0,4557.8,1261.5,0.0,0
cell_thermal_phase_shifter,4667.8,1297.167,0.0,0
cell_thermal_phase_shifter,4667.8,1225.833,0.0,0
AMF_PSOI_Si2X2MMI_Cband_v3p0,4822.8,1261.5,0.0,0
AMF_PSOI_Si2X2MMI_Cband_v3p0,4557.8,701.5,0.0,0
cell_thermal_phase_shifter,4667.8,737.167,0.0,0
cell_thermal_phase_shifter,4667.8,665.833,0.0,0
