H,stage,gds_x,gds_y
0,enc.split,14931.8,2486.5
1,enc.split,14931.8,2416.5
2,enc.split,14931.8,2346.5
3,enc.split,14931.8,2276.5
4,enc.split,14931.8,2206.5
5,enc.split,14931.8,2136.5
6,enc.split,14931.8,2066.5
7,enc.split,14931.8,1996.5
8,enc.split,14931.8,1926.5
9,enc.split,14931.8,1856.5
10,enc.split,14931.8,1786.5
11,enc.split,14931.8,1716.5
12,enc.split,14931.8,1646.5
13,enc.split,14931.8,1576.5
14,enc.split,14931.8,1506.5
15,enc.split,14931.8,1436.5
16,enc.single,14638.6,2451.5
17,enc.single,14638.6,2311.5
18,enc.single,14638.6,2171.5
19,enc.single,14638.6,2031.5
20,enc.single,14638.6,1891.5
21,enc.single,14638.6,1751.5
22,enc.single,14638.6,1611.5
23,enc.single,14638.6,1471.5
24,V,14338.6,2277.17
25,V,14338.6,2205.83
26,V,14338.6,1997.17
27,V,14338.6,1925.83
28,V,14338.6,1717.17
29,V,14338.6,1645.83
30,V,13928.6,2417.17
31,V,13928.6,2345.83
32,V,13928.6,2137.17
33,V,13928.6,2065.83
34,V,13928.6,1857.17
35,V,13928.6,1785.83
36,V,13928.6,1577.17
37,V,13928.6,1505.83
38,V,13518.6,2277.17
39,V,13518.6,2205.83
40,V,13518.6,1997.17
41,V,13518.6,1925.83
42,V,13518.6,1717.17
43,V,13518.6,1645.83
44,V,13108.6,2417.17
45,V,13108.6,2345.83
46,V,13108.6,2137.17
47,V,13108.6,2065.83
48,V,13108.6,1857.17
49,V,13108.6,1785.83
50,V,13108.6,1577.17
51,V,13108.6,1505.83
52,V,12698.6,2277.17
53,V,12698.6,2205.83
54,V,12698.6,1997.17
55,V,12698.6,1925.83
56,V,12698.6,1717.17
57,V,12698.6,1645.83
58,V,12288.6,2417.17
59,V,12288.6,2345.83
60,V,12288.6,2137.17
61,V,12288.6,2065.83
62,V,12288.6,1857.17
63,V,12288.6,1785.83
64,V,12288.6,1577.17
65,V,12288.6,1505.83
66,sigma,11865.4,2346.5
67,sigma,11865.4,2276.5
68,sigma,11865.4,2206.5
69,sigma,11865.4,2136.5
70,sigma,11865.4,2066.5
71,sigma,11865.4,1996.5
72,sigma,11865.4,1926.5
73,sigma,11865.4,1856.5
74,sigma,11865.4,1786.5
75,sigma,11865.4,1716.5
76,sigma,11865.4,1646.5
77,sigma,11865.4,1576.5
78,U,11442.2,2277.17
79,U,11442.2,2205.83
80,U,11442.2,1997.17
81,U,11442.2,1925.83
82,U,11442.2,1717.17
83,U,11442.2,1645.83
84,U,11032.2,2417.17
85,U,11032.2,2345.83
86,U,11032.2,2137.17
87,U,11032.2,2065.83
88,U,11032.2,1857.17
89,U,11032.2,1785.83
90,U,11032.2,1577.17
91,U,11032.2,1505.83
92,U,10622.2,2277.17
93,U,10622.2,2205.83
94,U,10622.2,1997.17
95,U,10622.2,1925.83
96,U,10622.2,1717.17
97,U,10622.2,1645.83
98,U,10212.2,2417.17
99,U,10212.2,2345.83
100,U,10212.2,2137.17
101,U,10212.2,2065.83
102,U,10212.2,1857.17
103,U,10212.2,1785.83
104,U,10212.2,1577.17
105,U,10212.2,1505.83
106,U,9802.2,2277.17
107,U,9802.2,2205.83
108,U,9802.2,1997.17
109,U,9802.2,1925.83
110,U,9802.2,1717.17
111,U,9802.2,1645.83
112,U,9392.2,2417.17
113,U,9392.2,2345.83
114,U,9392.2,2137.17
115,U,9392.2,2065.83
116,U,9392.2,1857.17
117,U,9392.2,1785.83
118,U,9392.2,1577.17
119,U,9392.2,1505.83
