dac,heater,pad,role,index,column,rails,label,wired
0,14,UH15,out_phase,3,4,,UH15:alpha3,1
1,11,UH12,phi,5,3,1|2,UH12:phi5,1
2,10,UH11,theta,5,3,1|2,UH11:theta5,1
3,7,UH8,phi,3,2,0|1,UH8:phi3,1
4,6,UH7,theta,3,2,0|1,UH7:theta3,1
5,2,UH3,theta,1,0,2|3,UH3:theta1,1
6,0,UH1,theta,0,0,0|1,UH1:theta0,0
7,1,UH2,phi,0,0,0|1,UH2:phi0,0
8,3,UH4,phi,1,0,2|3,UH4:phi1,0
9,4,UH5,theta,2,1,1|2,UH5:theta2,0
10,5,UH6,phi,2,1,1|2,UH6:phi2,0
11,8,UH9,theta,4,2,2|3,UH9:theta4,0
12,9,UH10,phi,4,2,2|3,UH10:phi4,0
13,12,UH13,out_phase,1,4,,UH13:alpha1,0
14,13,UH14,out_phase,2,4,,UH14:alpha2,0
15,15,UH16,aux,-1,4,,UH16:aux,0
16,16,UH17,aux,-1,4,,UH17:aux,0
17,17,UH18,aux,-1,4,,UH18:aux,0
