# 128-ch DAC <-> heater scaffold for PIC B. PROVISIONAL, verified=0.
# structure: scripts/map_b128.py from picpin (mechanism) + census overlay.
# `net` = mirror-shorted net 0..119 (= heater_gds); `stage` from geometry.
# chip->header assignment inferred (ch0 input-encoder anchor); within-column
# placement pending the live column-by-column probe.
# `elec` = 2026-07-30 multimeter map-check (ok/dead/weak/short) after the CS
# fix {10,9,8,7,5,4,3,2}. `census_*` = the OLD 07-23 fringe_fits (wrong CS).
# V0/Vnull/Vpi = 2026-07-30 0-4V optical fringe fit (scripts/census_fringes,
# reliable fits only): V0 = max-pass volts, Vnull = null volts, Vpi = sqrt(pi/phi2).
# Operate a heater by normalizing between V0 and Vnull. Blank = no reliable
# fringe at this coupling (dim / dead).
dac,chip,header,pin,net,stage,vendor_a,vendor_b,elec,census_live,census_npds,census_swing_mV,census_pds,V0,Vnull,Vpi,fringe_pd,fringe_src
0,0,A,1,15,enc.split,15,16,ok,1,13,587.3,8 12 10 11 7 4 6 13 9 1 2 0 3,3.5,2.066,2.826,10,20260730_195023
1,0,A,2,14,enc.split,14,17,ok,1,8,175.4,12 10 8 5 11 0 9 2,1.713,3.334,2.861,12,20260730_195023
2,0,A,3,13,enc.split,13,18,ok,1,9,142.0,2 13 11 8 7 6 5 10 9,,,,,
3,0,A,4,12,enc.split,12,19,ok,1,13,198.2,3 11 6 13 8 2 12 4 0 10 5 7 9,3.556,2.256,2.749,9,20260730_203820
4,0,A,5,11,enc.split,11,20,ok,1,13,176.4,6 13 2 0 11 4 9 12 7 10 5 8 1,,,,,
5,0,A,6,10,enc.split,10,21,ok,1,12,147.0,13 6 11 4 2 12 8 7 10 0 1 9,,,,,
6,0,A,7,9,enc.split,9,22,ok,1,8,147.2,8 10 7 9 12 1 6 0,2.484,3.793,2.866,7,20260730_195023
7,0,A,8,8,enc.split,8,23,ok,1,12,210.5,10 13 2 7 8 9 6 11 0 4 3 12,3.903,2.61,2.902,7,20260730_195023
8,0,A,10,23,enc.single,40,39,ok,0,0,0,,,,,,
9,0,A,11,22,enc.single,41,38,ok,0,0,0,,,,,,
10,0,A,12,21,enc.single,42,37,ok,0,0,0,,1.505,0.826,1.258,2,20260730_195023
11,0,A,13,20,enc.single,43,36,ok,1,10,159.6,7 0 4 6 9 11 2 13 12 5,0.439,0.901,0.787,4,20260730_195023
12,0,A,15,29,V,53,54,ok,1,11,140.9,5 0 10 8 4 12 6 7 3 11 1,1.469,2.362,1.849,6,20260730_195023
13,0,A,16,28,V,52,55,ok,1,8,129.4,10 5 8 3 7 0 12 4,1.444,3.322,2.991,7,20260730_203820
14,0,A,17,27,V,51,56,ok,1,13,143.3,2 0 13 12 3 6 8 5 11 1 4 7 10,,,,,
15,0,A,19,37,V,68,67,ok,1,6,100.4,11 0 6 4 9 7,,,,,
16,1,A,20,36,V,69,66,ok,1,1,16.5,5,1.899,3.435,2.863,5,20260730_195023
17,1,A,21,35,V,70,65,ok,0,0,0,,,,,,
18,1,A,22,34,V,71,64,ok,0,0,0,,,,,,
19,1,A,24,43,V,81,82,ok,1,3,83.0,5 10 9,1.178,3.358,3.144,9,20260730_203820
20,1,A,25,42,V,80,83,ok,1,13,286.0,7 10 8 11 0 2 6 13 9 12 5 4 1,3.897,2.622,2.883,7,20260730_195023
21,1,A,26,41,V,79,84,ok,0,0,0,,3.251,1.791,2.713,7,20260730_195023
22,1,A,28,51,V,96,95,ok,1,5,107.7,3 5 9 10 8,1.965,3.551,2.958,9,20260730_203820
23,1,A,29,50,V,97,94,ok,1,6,153.6,8 10 12 6 1 7,1.451,3.254,2.913,10,20260730_195023
24,1,A,30,49,V,98,93,ok,1,13,221.9,2 7 9 6 0 8 13 5 11 12 10 3 4,5.52,2.988,4.641,3,20260730_203820
25,1,A,31,48,V,99,92,ok,0,0,0,,3.454,1.961,2.844,10,20260730_203820
26,1,A,33,57,V,109,110,ok,1,5,135.7,10 5 7 8 12,3.919,2.691,2.849,7,20260730_195023
27,1,A,34,56,V,108,111,ok,0,0,0,,,,,,
28,1,A,35,55,V,107,112,ok,0,0,0,,,,,,
29,1,A,37,65,V,124,123,ok,0,0,0,,,,,,
30,1,A,38,64,V,125,122,ok,0,0,0,,,,,,
31,1,A,39,63,V,126,121,ok,0,0,0,,,,,,
32,2,A,40,62,V,127,120,ok,0,0,0,,,,,,
33,2,A,42,77,sigma,143,144,ok,0,0,0,,,,,,
34,2,A,43,76,sigma,142,145,ok,1,4,111.2,5 8 10 9,0.669,2.825,2.745,8,20260730_195023
35,2,A,44,75,sigma,141,146,ok,0,0,0,,1.805,3.387,2.866,9,20260730_203820
36,2,A,45,74,sigma,140,147,ok,1,3,66.8,10 5 9,3.505,1.863,2.969,9,20260730_203820
37,2,A,46,73,sigma,139,148,ok,1,5,108.5,10 9 7 5 3,1.123,3.105,2.895,9,20260730_195023
38,2,A,47,72,sigma,138,149,ok,1,4,80.6,10 5 9 3,3.603,2.187,2.864,9,20260730_195023
39,2,A,49,83,U,162,161,dead,1,1,34.9,12,,,,,
40,2,A,50,82,U,163,160,ok,1,3,53.5,10 5 9,5.34,3.712,3.84,10,20260730_203820
41,2,A,51,81,U,164,159,ok,0,0,0,,,,,,
42,2,A,53,91,U,175,176,ok,0,0,0,,,,,,
43,2,A,54,90,U,174,177,ok,0,0,0,,1.936,1.257,1.472,7,20260730_195023
44,2,A,55,89,U,173,178,ok,0,0,0,,0.572,1.72,1.622,11,20260730_195023
45,2,A,56,88,U,172,179,ok,0,0,0,,0.221,0.819,0.789,0,20260730_195023
46,2,A,58,97,U,190,189,ok,0,0,0,,,,,,
47,2,A,59,96,U,191,188,ok,0,0,0,,,,,,
48,3,A,60,95,U,192,187,ok,1,5,133.7,10 8 5 9 12,3.507,2.096,2.812,10,20260730_195023
49,3,A,62,105,U,203,204,ok,1,4,116.1,10 5 9 3,4.641,3.189,3.372,10,20260730_203820
50,3,A,63,104,U,202,205,ok,1,6,93.0,10 3 6 12 9 5,1.61,3.293,2.872,9,20260730_195023
51,3,A,64,103,U,201,206,dead,0,0,0,,,,,,
52,3,A,65,102,U,200,207,ok,1,5,237.0,9 5 10 3 12,2.64,3.882,2.847,9,20260730_195023
53,3,A,67,111,U,218,217,ok,1,13,303.9,10 6 5 3 7 13 4 9 0 2 11 1 8,3.435,1.98,2.807,10,20260730_195023
54,3,A,68,110,U,219,216,ok,1,12,178.8,10 5 8 3 12 0 2 9 11 7 1 4,1.346,3.218,2.923,9,20260730_195023
55,3,A,69,109,U,220,215,ok,0,0,0,,,,,,
56,3,A,71,119,U,231,232,ok,0,0,0,,,,,,
57,3,A,72,118,U,230,233,ok,0,0,0,,0.781,0.029,0.78,6,20260730_203820
58,3,A,73,117,U,229,234,ok,0,0,0,,,,,,
59,3,A,74,116,U,228,235,ok,0,0,0,,,,,,
60,3,A,,,spare,,,ok,0,0,0,,,,,,
61,3,A,,,spare,,,ok,0,0,0,,1.397,0.668,1.226,4,20260730_195023
62,3,A,,,spare,,,dead,0,0,0,,,,,,
63,3,A,,,spare,,,ok,1,11,182.7,10 9 6 4 5 3 7 8 11 13 2,1.274,2.873,2.576,9,20260730_195023
64,4,B,3,7,enc.split,7,24,ok,0,0,0,,3.556,2.045,2.909,10,20260730_195023
65,4,B,4,6,enc.split,6,25,ok,0,0,0,,4.054,2.705,3.019,9,20260730_195023
66,4,B,5,5,enc.split,5,26,ok,0,0,0,,1.045,2.84,2.64,9,20260730_195023
67,4,B,6,4,enc.split,4,27,ok,0,0,0,,3.614,2.087,2.951,10,20260730_203820
68,4,B,7,3,enc.split,3,28,ok,0,0,0,,2.751,4.115,3.06,7,20260730_203820
69,4,B,8,2,enc.split,2,29,ok,0,0,0,,3.552,2.13,2.842,9,20260730_195023
70,4,B,9,1,enc.split,1,30,ok,0,0,0,,1.028,3.021,2.841,9,20260730_195023
71,4,B,10,0,enc.split,0,31,ok,0,0,0,,3.207,1.458,2.857,9,20260730_195023
72,4,B,12,19,enc.single,44,35,ok,0,0,0,,,,,,
73,4,B,13,18,enc.single,45,34,ok,0,0,0,,,,,,
74,4,B,14,17,enc.single,46,33,ok,0,0,0,,,,,,
75,4,B,15,16,enc.single,47,32,ok,0,0,0,,,,,,
76,4,B,17,26,V,50,57,ok,0,0,0,,,,,,
77,4,B,18,25,V,49,58,ok,0,0,0,,,,,,
78,4,B,19,24,V,48,59,ok,0,0,0,,,,,,
79,4,B,21,33,V,72,63,ok,0,0,0,,1.468,0.809,1.224,2,20260730_195023
80,5,B,22,32,V,73,62,ok,1,4,117.3,10 5 9 7,,,,,
81,5,B,23,31,V,74,61,ok,1,5,177.3,9 5 10 6 1,1.898,3.52,2.964,3,20260730_203820
82,5,B,24,30,V,75,60,ok,0,0,0,,0.975,3.046,2.886,9,20260730_195023
83,5,B,26,40,V,78,85,ok,1,1,19.8,10,3.814,2.406,2.959,10,20260730_195023
84,5,B,27,39,V,77,86,ok,0,0,0,,3.259,1.483,2.902,3,20260730_195023
85,5,B,28,38,V,76,87,ok,0,0,0,,3.935,2.728,2.837,4,20260730_195023
86,5,B,30,47,V,100,91,ok,1,3,29.3,10 5 9,4.137,2.864,2.986,7,20260730_195023
87,5,B,31,46,V,101,90,ok,1,1,14.7,10,,,,,
88,5,B,32,45,V,102,89,ok,0,0,0,,,,,,
89,5,B,33,44,V,103,88,ok,0,0,0,,,,,,
90,5,B,35,54,V,106,113,ok,0,0,0,,,,,,
91,5,B,36,53,V,105,114,ok,0,0,0,,,,,,
92,5,B,37,52,V,104,115,ok,0,0,0,,,,,,
93,5,B,39,61,V,128,119,ok,0,0,0,,,,,,
94,5,B,40,60,V,129,118,ok,0,0,0,,,,,,
95,5,B,41,59,V,130,117,ok,0,0,0,,0.561,2.993,2.94,9,20260730_195023
96,6,B,42,58,V,131,116,ok,0,0,0,,1.807,3.355,2.827,7,20260730_195023
97,6,B,44,71,sigma,137,150,ok,1,4,79.1,10 7 5 8,0.558,2.965,2.912,3,20260730_195023
98,6,B,45,70,sigma,136,151,dead,1,4,82.5,10 9 8 7,,,,,
99,6,B,46,69,sigma,135,152,weak,1,3,81.7,10 8 3,,,,,
100,6,B,47,68,sigma,134,153,dead,1,4,72.6,3 10 6 5,,,,,
101,6,B,48,67,sigma,133,154,ok,1,13,240.0,3 4 7 13 10 2 6 0 9 11 8 1 5,,,,,
102,6,B,49,66,sigma,132,155,ok,1,14,230.7,7 4 13 2 5 1 6 0 3 9 10 8 11 12,,,,,
103,6,B,51,80,U,165,158,ok,1,11,201.2,10 9 7 4 2 6 5 8 13 1 0,,,,,
104,6,B,52,79,U,166,157,ok,0,0,0,,,,,,
105,6,B,53,78,U,167,156,ok,0,0,0,,,,,,
106,6,B,55,87,U,171,180,ok,1,13,162.4,9 6 10 4 2 0 13 3 7 11 1 12 8,,,,,
107,6,B,56,86,U,170,181,ok,1,13,149.9,11 12 1 10 7 0 2 9 3 6 8 4 5,,,,,
108,6,B,57,85,U,169,182,ok,1,7,114.7,4 7 9 13 6 1 2,,,,,
109,6,B,58,84,U,168,183,ok,0,0,0,,3.805,2.522,2.849,3,20260730_195023
110,6,B,60,94,U,193,186,ok,0,0,0,,3.678,1.654,3.285,10,20260730_203820
111,6,B,61,93,U,194,185,dead,1,13,203.9,6 10 9 11 7 0 2 5 4 13 12 1 3,3.614,1.868,3.094,2,20260730_195023
112,7,B,62,92,U,195,184,short,1,10,129.4,6 0 13 7 2 8 12 11 9 4,,,,,
113,7,B,64,101,U,199,208,short,1,7,122.2,10 11 4 8 6 9 3,0.508,1.337,1.237,6,20260730_195023
114,7,B,65,100,U,198,209,short,1,14,246.0,7 5 6 11 0 2 4 12 10 9 13 1 8 3,,,,,
115,7,B,66,99,U,197,210,short,1,13,159.2,8 10 0 6 5 12 3 11 13 1 4 2 7,,,,,
116,7,B,67,98,U,196,211,ok,1,13,146.1,10 6 5 4 8 11 9 7 0 2 3 1 12,,,,,
117,7,B,69,108,U,221,214,ok,1,10,177.9,13 7 4 2 9 6 5 10 0 11,3.886,2.449,3.017,5,20260730_195023
118,7,B,70,107,U,222,213,dead,1,12,182.0,13 7 6 4 2 11 8 10 12 5 9 1,,,,,
119,7,B,71,106,U,223,212,ok,1,11,172.7,5 1 11 7 4 13 8 2 10 6 3,,,,,
120,7,B,73,115,U,227,236,dead,1,13,174.7,7 10 12 11 6 5 4 2 13 3 9 0 8,,,,,
121,7,B,74,114,U,226,237,ok,1,5,100.3,10 8 12 6 9,,,,,
122,7,B,75,113,U,225,238,ok,1,11,171.9,13 7 2 4 0 11 9 6 5 1 8,,,,,
123,7,B,76,112,U,224,239,ok,0,0,0,,,,,,
124,7,B,,,spare,,,dead,0,0,0,,,,,,
125,7,B,,,spare,,,dead,1,3,66.5,10 8 7,,,,,
126,7,B,,,spare,,,dead,1,3,67.8,10 8 7,,,,,
127,7,B,,,spare,,,ok,1,3,46.7,1 12 8,,,,,
