ch,pd,swing_mV,Vpi,vis,rmse_mV,reliable
0,5,223.0,2.97,0.435,21.84,True
1,1,246.0,2.949,0.622,20.4,True
2,3,64.0,2.583,0.041,9.1,False
3,6,73.0,2.822,0.088,10.55,False
4,8,94.0,1.184,0.019,13.64,False
5,8,74.0,3.327,0.035,12.59,False
6,6,110.0,2.852,0.202,11.79,True
7,6,120.0,2.865,0.224,14.84,True
8,6,126.0,2.824,0.242,11.02,True
9,6,117.0,2.852,0.239,10.14,True
10,6,76.0,2.872,0.109,10.13,False
11,6,70.0,3.031,0.086,9.42,False
12,8,65.0,2.906,0.075,9.59,False
13,13,77.0,3.587,0.045,12.74,False
14,8,219.0,2.892,0.532,15.23,True
15,8,213.0,2.888,0.575,15.06,True
16,8,135.0,2.923,0.27,11.0,True
17,8,77.0,2.82,0.103,8.54,False
18,6,99.0,2.925,0.218,8.74,True
19,6,169.0,2.894,0.525,11.9,True
20,6,172.0,2.895,0.526,13.72,True
21,6,120.0,2.941,0.222,10.71,True
22,6,80.0,2.932,0.123,10.4,False
23,5,210.0,2.991,0.322,22.46,True
24,9,93.0,2.95,0.438,6.71,True
25,6,139.0,2.881,0.327,11.47,True
26,6,136.0,2.959,0.357,12.65,True
27,6,174.0,2.88,0.613,11.94,True
28,8,81.0,2.775,0.079,11.42,False
29,6,102.0,2.987,0.216,11.31,True
30,6,113.0,2.852,0.246,10.01,True
31,6,91.0,2.82,0.139,9.11,False
32,5,195.0,2.748,0.369,32.45,True
33,6,72.0,2.732,0.101,11.79,False
34,7,151.0,2.89,0.439,11.68,True
35,13,119.0,3.67,0.061,16.68,False
36,9,93.0,2.903,0.405,6.42,True
37,6,73.0,3.01,0.15,9.75,False
38,7,133.0,2.682,0.43,12.8,True
39,1,54.0,0.765,0.025,10.02,False
40,6,104.0,2.898,0.247,12.6,True
41,8,51.0,0.809,0.025,10.44,False
42,5,48.0,2.886,0.019,8.46,False
43,6,150.0,2.891,0.344,11.9,True
44,10,42.0,1.563,0.023,9.37,False
45,9,104.0,2.919,0.552,6.83,True
46,6,194.0,2.869,0.634,11.11,True
47,5,135.0,2.784,0.173,11.2,True
48,4,203.0,2.919,0.645,15.67,True
49,8,80.0,2.698,0.057,12.32,False
50,7,158.0,2.888,0.429,10.83,True
51,7,79.0,2.873,0.345,10.17,True
52,7,186.0,2.927,0.575,14.14,True
53,7,216.0,2.935,0.628,16.25,True
54,6,202.0,2.924,0.577,10.97,True
55,9,173.0,2.925,0.576,8.49,True
56,5,55.0,2.862,0.019,9.15,False
57,5,60.0,0.792,0.025,11.6,False
58,7,68.0,3.0,0.179,8.97,True
59,6,79.0,2.817,0.152,9.04,True
60,9,198.0,2.908,0.593,14.64,True
61,6,157.0,2.858,0.566,11.02,True
62,13,54.0,2.936,0.022,10.22,False
63,7,166.0,2.906,0.629,8.56,True
64,2,103.0,2.897,0.462,8.8,True
65,1,115.0,2.935,0.191,11.85,True
66,10,66.0,2.639,0.039,11.52,False
67,8,64.0,0.809,0.029,11.17,False
68,6,143.0,2.954,0.465,8.74,True
69,6,164.0,2.914,0.42,12.43,True
70,7,64.0,2.952,0.228,8.33,True
71,9,59.0,2.51,0.133,8.5,False
72,10,68.0,38.993,-1.027,11.17,False
73,10,67.0,2.868,0.063,11.28,False
74,6,99.0,2.831,0.212,10.68,True
75,6,98.0,2.863,0.22,10.55,True
76,10,66.0,2.958,0.033,10.76,False
77,12,59.0,38.302,0.99,8.87,False
78,6,129.0,2.856,0.317,12.22,True
79,6,125.0,2.83,0.268,11.0,True
80,9,114.0,2.865,0.437,9.08,True
81,7,91.0,2.886,0.387,7.32,True
82,6,163.0,2.937,0.606,7.75,True
83,10,122.0,2.911,0.19,12.41,True
84,6,130.0,2.87,0.353,12.0,True
85,6,136.0,2.98,0.321,12.05,True
86,9,179.0,2.889,0.624,11.01,True
87,1,80.0,2.936,0.085,9.94,False
88,7,54.0,2.908,0.183,6.73,True
89,8,131.0,2.889,0.242,14.77,True
90,4,135.0,2.89,0.597,7.99,True
91,4,160.0,2.997,0.398,13.21,True
92,5,76.0,0.806,0.028,15.24,False
93,1,66.0,2.88,0.037,14.22,False
94,6,78.0,46.4,0.997,12.79,False
95,5,104.0,3.217,0.055,15.23,False
96,3,93.0,1.12,0.024,17.69,False
97,6,73.0,0.792,0.036,14.29,False
98,13,105.0,1.87,0.038,19.46,False
99,5,179.0,4.469,0.324,23.79,True
100,13,69.0,1.715,0.034,13.4,False
101,13,80.0,3.739,0.074,12.49,False
102,8,65.0,2.635,0.05,13.13,False
103,12,71.0,3.716,0.051,11.64,False
104,8,89.0,1.684,0.065,13.21,False
105,13,72.0,1.843,0.067,12.2,False
106,5,60.0,0.79,0.039,12.23,False
107,13,72.0,1.124,0.036,11.86,False
108,0,65.0,35.875,0.998,11.28,False
109,1,83.0,1.219,0.068,14.12,False
110,5,120.0,43.354,0.999,20.98,False
111,10,80.0,2.445,0.085,12.83,False
112,8,68.0,2.074,0.08,11.24,False
113,5,68.0,35.408,0.997,11.36,False
114,5,82.0,3.105,0.178,11.33,True
115,5,71.0,1.538,0.068,11.3,False
116,8,56.0,1.983,0.074,11.43,False
117,13,71.0,1.717,0.068,11.13,False
118,13,62.0,3.57,0.062,11.97,False
119,0,72.0,48.924,0.999,13.04,False
120,13,64.0,2.142,0.067,10.99,False
121,5,72.0,43.093,0.996,12.71,False
122,7,56.0,3.965,0.08,10.82,False
123,3,70.0,1.839,0.053,11.43,False
124,9,52.0,3.786,0.034,8.22,False
125,12,56.0,1.261,0.051,10.15,False
126,0,55.0,2.11,0.058,11.6,False
127,6,63.0,0.809,0.053,11.85,False
