t,ch,phase,rep,drive_v,dbm,bfm,temp_c,mA,pd0,pd1,pd2,pd3,pd4,pd5,pd6,pd7,pd8,pd9,pd10,pd11,pd12,pd13
1784800901.44,0,base,0,0.0,5.0,3.997,25.09,34.01,0.0313,0.0855,0.0034,0.0938,0.0142,0.0948,0.0064,0.0191,0.1808,0.0274,0.1261,0.0181,0.1735,0.0044
1784800901.53,0,base,1,0.0,5.0,3.997,25.09,34.01,0.0303,0.0919,0.0166,0.0914,0.0039,0.1153,0.0132,0.0078,0.1711,0.0191,0.1188,0.0137,0.1857,0.0083
1784800901.63,0,base,2,0.0,5.0,3.997,25.09,34.01,0.0230,0.0924,0.0000,0.1100,0.0137,0.1022,0.0171,0.0142,0.1833,0.0142,0.1310,0.0112,0.1755,0.0098
1784800901.72,0,base,3,0.0,5.0,3.997,25.09,34.01,0.0254,0.0880,0.0156,0.0992,0.0088,0.1031,0.0049,0.0132,0.1901,0.0147,0.1305,0.0088,0.1984,0.0078
1784800902.41,0,drive,0,1.5,5.0,3.997,25.09,34.01,0.0342,0.0855,0.0098,0.1085,0.0098,0.1149,0.0073,0.0161,0.0890,0.0161,0.0381,0.0132,0.0997,0.0112
1784800902.51,0,drive,1,1.5,5.0,3.997,25.09,34.01,0.0215,0.0831,0.0156,0.1061,0.0127,0.1075,0.0103,0.0215,0.0953,0.0142,0.0323,0.0132,0.1051,0.0103
1784800902.60,0,drive,2,1.5,5.0,3.997,25.09,34.01,0.0235,0.0885,0.0083,0.0987,0.0137,0.1026,0.0254,0.0098,0.1026,0.0259,0.0298,0.0112,0.0934,0.0073
1784800902.69,0,drive,3,1.5,5.0,3.997,25.09,34.01,0.0357,0.0885,0.0098,0.0958,0.0088,0.0894,0.0205,0.0152,0.0992,0.0308,0.0371,0.0225,0.1002,0.0117
1784800903.46,52,base,0,0.0,5.0,4.157,25.09,34.01,0.0293,0.0919,0.0049,0.1065,0.0171,0.1026,0.0166,0.0166,0.1848,0.0122,0.1271,0.0044,0.1804,0.0064
1784800903.55,52,base,1,0.0,5.0,4.157,25.09,34.01,0.0239,0.0982,0.0039,0.0982,0.0147,0.1026,0.0078,0.0112,0.1979,0.0186,0.1153,0.0200,0.1823,0.0034
1784800903.64,52,base,2,0.0,5.0,4.157,25.09,34.01,0.0293,0.0758,0.0112,0.0958,0.0020,0.0987,0.0210,0.0132,0.1769,0.0156,0.1334,0.0108,0.1794,0.0088
1784800903.74,52,base,3,0.0,5.0,4.157,25.09,34.01,0.0254,0.0885,0.0054,0.1056,0.0152,0.1017,0.0142,0.0196,0.1921,0.0103,0.1285,0.0083,0.1755,0.0068
1784800904.43,52,drive,0,1.5,5.0,4.157,25.09,34.01,0.0279,0.0899,0.0176,0.0894,0.0117,0.0606,0.0083,0.0181,0.1818,0.0606,0.0934,0.0064,0.1828,0.0147
1784800904.52,52,drive,1,1.5,5.0,4.157,25.09,34.01,0.0264,0.0870,0.0137,0.0919,0.0049,0.0611,0.0127,0.0117,0.1852,0.0616,0.0802,0.0127,0.1926,0.0230
1784800904.62,52,drive,2,1.5,5.0,4.157,25.09,34.01,0.0288,0.1017,0.0093,0.0904,0.0142,0.0640,0.0137,0.0108,0.1960,0.0655,0.0787,0.0122,0.1867,0.0122
1784800904.71,52,drive,3,1.5,5.0,4.157,25.09,34.01,0.0225,0.0958,0.0073,0.0836,0.0108,0.0738,0.0049,0.0171,0.1984,0.0601,0.0816,0.0068,0.1935,0.0088
1784800905.47,81,base,0,0.0,5.0,4.197,25.09,34.02,0.0244,0.0899,0.0088,0.1002,0.0122,0.1026,0.0181,0.0156,0.1852,0.0181,0.1261,0.0073,0.1745,0.0103
1784800905.56,81,base,1,0.0,5.0,4.197,25.09,34.02,0.0127,0.0890,0.0117,0.0914,0.0156,0.1017,0.0073,0.0152,0.1979,0.0161,0.1129,0.0152,0.1838,0.0068
1784800905.66,81,base,2,0.0,5.0,4.197,25.09,34.02,0.0283,0.0802,0.0039,0.0997,0.0059,0.1080,0.0147,0.0103,0.1823,0.0235,0.1315,0.0064,0.1896,0.0029
1784800905.75,81,base,3,0.0,5.0,4.197,25.09,34.02,0.0186,0.0958,0.0044,0.0880,0.0156,0.1085,0.0142,0.0191,0.1901,0.0230,0.1149,0.0117,0.1852,0.0064
1784800906.44,81,drive,0,1.5,5.0,4.197,25.09,34.02,0.0244,0.0899,0.0024,0.1119,0.0122,0.1188,0.0132,0.0196,0.1999,0.0415,0.1070,0.0093,0.1813,0.0064
1784800906.53,81,drive,1,1.5,5.0,4.197,25.09,34.02,0.0259,0.0992,0.0103,0.1046,0.0103,0.1246,0.0152,0.0108,0.1989,0.0533,0.0909,0.0132,0.1862,0.0078
1784800906.63,81,drive,2,1.5,5.0,4.197,25.09,34.02,0.0274,0.0865,0.0039,0.0894,0.0103,0.1295,0.0230,0.0142,0.1891,0.0596,0.0934,0.0122,0.1760,0.0054
1784800906.72,81,drive,3,1.5,5.0,4.197,25.09,34.02,0.0274,0.0865,0.0068,0.1056,0.0088,0.1163,0.0166,0.0127,0.1975,0.0464,0.0973,0.0093,0.1813,0.0044
1784800907.49,100,base,0,0.0,5.0,4.177,25.09,34.02,0.0215,0.0968,0.0073,0.0958,0.0088,0.1046,0.0112,0.0176,0.1999,0.0142,0.1271,0.0083,0.1926,0.0078
1784800907.58,100,base,1,0.0,5.0,4.177,25.09,34.02,0.0181,0.0919,0.0088,0.0963,0.0078,0.1075,0.0112,0.0127,0.1911,0.0186,0.1276,0.0103,0.1882,0.0093
1784800907.67,100,base,2,0.0,5.0,4.177,25.09,34.02,0.0386,0.1100,0.0205,0.0611,0.0137,0.0914,0.0054,0.0181,0.2019,0.0249,0.1369,0.0283,0.1838,0.0029
1784800907.77,100,base,3,0.0,5.0,4.177,25.09,34.02,0.0381,0.0836,0.0132,0.1144,0.0171,0.1041,0.0264,0.0186,0.1716,0.0313,0.1349,0.0191,0.1838,0.0171
1784800908.46,100,drive,0,1.5,5.0,4.177,25.09,34.02,0.0274,0.0919,0.0235,0.0792,0.0103,0.1325,0.0200,0.0137,0.1926,0.0332,0.1158,0.0191,0.1921,0.0147
1784800908.56,100,drive,1,1.5,5.0,4.177,25.09,34.02,0.0440,0.0616,0.0244,0.0968,0.0235,0.1149,0.0235,0.0156,0.1530,0.0225,0.1481,0.0259,0.1970,0.0298
1784800908.65,100,drive,2,1.5,5.0,4.177,25.09,34.02,0.0269,0.0934,0.0088,0.0811,0.0186,0.1031,0.0205,0.0235,0.1867,0.0254,0.1261,0.0220,0.1760,0.0171
1784800908.74,100,drive,3,1.5,5.0,4.177,25.09,34.02,0.0230,0.0987,0.0186,0.0890,0.0137,0.1061,0.0220,0.0156,0.1720,0.0147,0.1232,0.0068,0.1867,0.0176
1784800909.51,126,base,0,0.0,5.0,4.197,25.09,34.03,0.0205,0.0806,0.0122,0.1012,0.0186,0.1178,0.0137,0.0264,0.1823,0.0161,0.1261,0.0098,0.1823,0.0288
1784800909.61,126,base,1,0.0,5.0,4.197,25.09,34.03,0.0249,0.0885,0.0137,0.0953,0.0230,0.1012,0.0108,0.0425,0.2019,0.0137,0.1325,0.0093,0.1813,0.0166
1784800909.70,126,base,2,0.0,5.0,4.197,25.09,34.03,0.0425,0.1046,0.0103,0.0958,0.0132,0.1026,0.0249,0.0088,0.1916,0.0440,0.1305,0.0200,0.1764,0.0078
1784800909.79,126,base,3,0.0,5.0,4.197,25.09,34.03,0.0371,0.0899,0.0108,0.0919,0.0132,0.1017,0.0269,0.0152,0.1857,0.0318,0.1188,0.0166,0.1774,0.0083
1784800910.48,126,drive,0,1.5,5.0,4.197,25.09,34.03,0.0200,0.0943,0.0049,0.1031,0.0059,0.1090,0.0088,0.0142,0.2038,0.0098,0.1505,0.0112,0.1862,0.0024
1784800910.58,126,drive,1,1.5,5.0,4.197,25.09,34.03,0.0200,0.0904,0.0034,0.0958,0.0064,0.1065,0.0171,0.0103,0.2072,0.0186,0.1393,0.0073,0.1706,0.0068
1784800910.67,126,drive,2,1.5,5.0,4.197,25.09,34.03,0.0166,0.0802,0.0088,0.0938,0.0142,0.1031,0.0088,0.0210,0.1931,0.0108,0.1388,0.0083,0.1891,0.0152
1784800910.77,126,drive,3,1.5,5.0,4.197,25.09,34.03,0.0293,0.0968,0.0161,0.1065,0.0044,0.1002,0.0064,0.0127,0.2155,0.0059,0.1574,0.0083,0.1838,0.0049
