ch,pd,swing_mV,amp_mV,phi2,Vpi,r2,bounded
0,0,8.3,3.7,1.38,1.51,0.737,False
0,1,9.8,4.2,0.53,2.44,0.593,False
0,2,9.1,4.5,1.34,1.53,0.854,False
0,3,8.3,2.5,4.0,0.89,0.646,False
0,4,15.6,6.5,1.6,1.4,0.723,False
0,6,15.1,7.1,1.48,1.46,0.865,False
0,7,16.2,7.6,1.5,1.45,0.783,False
0,8,170.3,89.5,0.65,2.21,0.998,True
0,9,13.2,6.8,1.42,1.49,0.955,True
0,10,120.4,93.2,0.45,2.65,0.999,True
0,11,22.3,8.6,1.68,1.37,0.682,False
0,12,164.2,89.5,0.61,2.28,0.999,True
0,13,14.5,6.6,1.52,1.44,0.8,False
1,0,10.9,828.2,0.05,7.93,0.466,False
1,1,7.2,2.6,1.56,1.42,0.368,False
1,2,8.0,2.2,4.0,0.89,0.45,False
1,3,6.5,3.1,3.42,0.96,0.821,False
1,4,6.2,2.0,2.95,1.03,0.378,False
1,5,12.6,21.1,0.39,2.85,0.472,False
1,6,6.9,2.1,2.97,1.03,0.334,False
1,7,6.9,3.3,4.0,0.89,0.541,False
1,8,20.7,2191.2,0.05,7.93,0.764,False
1,9,10.4,805.1,0.05,7.93,0.796,False
1,10,26.4,3331.4,0.05,7.93,0.778,False
1,11,12.0,3.2,1.54,1.43,0.337,False
1,12,33.7,3343.0,0.05,7.93,0.935,False
1,13,7.0,2.5,2.75,1.07,0.694,False
2,0,6.5,1.6,2.53,1.11,0.408,False
2,1,5.5,1.1,2.39,1.15,0.204,False
2,2,21.0,1807.8,0.05,7.93,0.502,False
2,4,5.7,2.0,3.58,0.94,0.52,False
2,5,9.0,4.7,1.2,1.62,0.987,True
2,6,11.1,616.5,0.05,7.93,0.481,False
2,7,12.2,1016.2,0.05,7.93,0.715,False
2,8,13.7,7.0,0.9,1.86,0.792,False
2,9,8.6,303.0,0.05,7.93,0.427,False
2,10,9.0,5.5,0.96,1.81,0.727,False
2,11,14.1,1487.1,0.05,7.93,0.562,False
2,12,5.9,875.1,0.05,7.93,0.817,False
2,13,19.7,1718.6,0.05,7.93,0.493,False
3,0,12.2,4.5,3.56,0.94,0.756,False
3,1,7.7,4.0,4.0,0.89,0.519,False
3,2,13.7,4.2,4.0,0.89,0.371,False
3,3,26.2,8.4,3.98,0.89,0.354,False
3,4,12.4,5.9,3.38,0.96,0.771,False
3,5,11.7,4.1,4.0,0.89,0.534,False
3,6,18.9,6.7,3.62,0.93,0.532,False
3,7,11.7,3.9,4.0,0.89,0.523,False
3,8,13.8,3.5,3.62,0.93,0.345,False
3,9,8.8,4.0,3.48,0.95,0.712,False
3,10,12.2,3.8,3.98,0.89,0.412,False
3,11,20.3,10.4,3.36,0.97,0.9,False
3,12,13.1,2.8,4.0,0.89,0.409,False
3,13,15.5,4.7,3.42,0.96,0.316,False
4,0,13.5,3.5,1.58,1.41,0.299,False
4,1,8.3,2.9,2.51,1.12,0.562,False
4,2,15.8,1727.4,0.05,7.93,0.672,False
4,3,5.0,1.3,4.0,0.89,0.42,False
4,4,12.7,1487.5,0.05,7.93,0.784,False
4,5,12.1,1.8,4.0,0.89,0.074,False
4,6,19.3,6.0,1.76,1.34,0.502,False
4,7,12.4,1046.6,0.05,7.93,0.479,False
4,8,10.1,0.9,1.44,1.48,0.044,False
4,9,12.7,5.5,1.52,1.44,0.564,False
4,10,12.4,4.2,1.76,1.34,0.526,False
4,11,13.1,3.8,2.45,1.13,0.34,False
4,12,12.7,5.0,4.0,0.89,0.417,False
4,13,16.3,13.3,0.65,2.21,0.827,False
5,0,10.0,3.1,1.26,1.58,0.522,False
5,1,9.1,2.6,3.96,0.89,0.587,False
5,2,12.2,5.4,2.97,1.03,0.596,False
5,3,7.8,1.9,1.46,1.47,0.318,False
5,4,12.9,5.2,1.46,1.47,0.535,False
5,6,14.3,4.4,1.14,1.66,0.501,False
5,7,11.3,3.9,4.0,0.89,0.408,False
5,8,11.4,2.1,1.94,1.27,0.13,False
5,9,8.0,3.5,2.79,1.06,0.649,False
5,10,10.3,4.4,0.67,2.17,0.912,True
5,11,13.4,4.6,0.82,1.95,0.624,False
5,12,11.7,7.5,4.0,0.89,0.859,False
5,13,14.6,6.1,2.43,1.14,0.62,False
6,0,8.0,2.3,1.92,1.28,0.485,False
6,1,8.3,3.5,2.29,1.17,0.691,False
6,2,7.8,267.6,0.05,7.93,0.92,False
6,3,6.4,2.3,4.0,0.89,0.408,False
6,4,5.9,1.6,1.62,1.39,0.366,False
6,6,8.3,448.5,0.05,7.93,0.178,False
6,7,21.2,10.2,0.57,2.36,0.945,True
6,8,28.7,21.3,0.45,2.65,0.933,True
6,9,9.4,3.6,3.19,0.99,0.524,False
6,10,28.0,17.1,0.51,2.49,0.992,True
6,12,8.9,3.8,3.6,0.93,0.746,False
6,13,6.3,2.8,1.0,1.77,0.795,False
7,0,10.9,4.8,4.0,0.89,0.56,False
7,1,7.2,199.4,0.05,7.93,0.333,False
7,2,21.8,11.5,0.63,2.24,0.432,False
7,3,9.2,2.7,4.0,0.89,0.317,False
7,4,10.9,938.3,0.05,7.93,0.687,False
7,5,7.2,2.1,4.0,0.89,0.346,False
7,6,14.2,5.9,3.9,0.9,0.539,False
7,7,21.7,10.7,1.12,1.67,0.905,True
7,8,21.2,24.0,0.29,3.3,0.912,True
7,9,15.2,2.7,0.98,1.79,0.223,False
7,10,25.6,12.7,0.67,2.17,0.953,True
7,11,14.1,17.5,0.47,2.59,0.762,False
7,12,8.0,2.7,3.44,0.96,0.581,False
7,13,23.3,1701.4,0.05,7.93,0.574,False
11,0,18.1,7.1,1.28,1.57,0.697,False
11,1,7.2,2.3,1.32,1.54,0.461,False
11,2,12.2,4.4,1.46,1.47,0.533,False
11,4,17.9,7.0,1.28,1.57,0.655,False
11,5,8.1,2.4,3.66,0.93,0.493,False
11,6,15.3,8.8,0.88,1.89,0.864,False
11,7,20.4,7.6,1.34,1.53,0.643,False
11,8,5.8,1.7,3.33,0.97,0.525,False
11,9,14.0,973.3,0.05,7.93,0.938,False
11,10,6.2,2.9,1.08,1.7,0.895,False
11,11,13.7,5.1,1.36,1.52,0.611,False
11,12,9.6,2.6,3.62,0.93,0.571,False
11,13,11.1,3.4,3.58,0.94,0.482,False
12,0,12.5,1442.0,0.05,7.93,0.624,False
12,1,8.4,2.2,3.68,0.92,0.42,False
12,2,7.8,3.7,3.92,0.9,0.548,False
12,3,8.9,4.0,2.13,1.21,0.762,False
12,4,10.3,3.2,2.19,1.2,0.424,False
12,5,22.6,3.4,2.17,1.2,0.135,False
12,6,9.1,2.8,3.21,0.99,0.419,False
12,7,9.0,3.6,1.92,1.28,0.48,False
12,8,10.7,3.0,2.05,1.24,0.32,False
12,9,6.5,2.8,2.61,1.1,0.553,False
12,10,10.8,5.4,3.09,1.01,0.976,True
12,11,8.8,3.3,3.15,1.0,0.709,False
12,12,9.4,2.7,3.84,0.9,0.568,False
12,13,6.1,1.8,2.73,1.07,0.385,False
13,0,9.1,4.3,1.5,1.45,0.867,False
13,1,5.5,2.1,2.85,1.05,0.835,False
13,2,6.8,1.7,3.46,0.95,0.298,False
13,3,10.7,5.8,2.65,1.09,0.927,True
13,4,8.3,2.9,2.45,1.13,0.536,False
13,5,14.3,6.3,2.83,1.05,0.791,False
13,6,5.4,2.2,3.46,0.95,0.612,False
13,7,9.8,2.6,2.69,1.08,0.373,False
13,8,14.0,6.5,0.96,1.81,0.442,False
13,10,23.2,21.6,0.27,3.42,0.966,True
13,11,6.8,2.6,3.09,1.01,0.554,False
13,12,8.6,4.3,3.17,1.0,0.701,False
13,13,6.9,1.7,3.68,0.92,0.336,False
14,0,13.2,6.0,3.13,1.0,0.881,False
14,1,8.9,3.1,2.71,1.08,0.491,False
14,2,14.1,1724.8,0.05,7.93,0.844,False
14,3,10.9,3.8,4.0,0.89,0.378,False
14,4,8.9,3.8,2.79,1.06,0.93,True
14,5,9.6,4.8,3.42,0.96,0.813,False
14,6,10.2,3.8,2.07,1.23,0.721,False
14,7,8.8,3.1,3.17,1.0,0.394,False
14,8,10.1,2.6,1.32,1.54,0.357,False
14,9,7.9,2.8,3.23,0.99,0.547,False
14,10,8.3,2.4,3.48,0.95,0.459,False
14,11,9.3,2.2,1.26,1.58,0.322,False
14,12,11.3,4.5,1.82,1.32,0.493,False
14,13,11.8,1131.5,0.05,7.93,0.4,False
15,0,17.4,1698.8,0.05,7.93,0.582,False
15,2,6.4,507.6,0.05,7.93,0.458,False
15,3,6.8,828.7,0.05,7.93,0.662,False
15,4,13.2,927.7,0.05,7.93,0.358,False
15,6,15.6,1408.7,0.05,7.93,0.556,False
15,7,8.0,2.5,1.94,1.27,0.449,False
15,9,12.0,829.0,0.05,7.93,0.413,False
15,11,21.0,2032.8,0.05,7.93,0.548,False
16,3,5.3,2.6,1.28,1.57,0.81,False
16,5,11.2,1230.5,0.05,7.93,0.893,False
19,5,34.8,22.8,0.43,2.71,0.996,True
19,8,6.8,997.1,0.05,7.93,0.879,False
19,9,10.3,177.8,0.05,7.93,0.971,False
19,10,31.1,696.4,0.05,7.93,0.988,False
20,0,17.0,7.2,1.82,1.32,0.852,False
20,1,9.9,3.9,4.0,0.89,0.633,False
20,2,16.9,6.4,1.72,1.35,0.55,False
20,3,7.0,3.3,1.72,1.35,0.903,True
20,4,11.5,5.4,2.83,1.05,0.865,False
20,5,11.6,4.5,3.8,0.91,0.626,False
20,6,16.6,8.8,3.96,0.89,0.915,True
20,7,58.5,1269.9,0.05,7.93,0.996,False
20,8,32.9,223.3,0.05,7.93,0.873,False
20,9,15.1,6.9,1.76,1.34,0.824,False
20,10,37.2,25.1,0.45,2.65,0.982,True
20,11,23.5,11.5,1.86,1.3,0.961,True
20,12,12.7,7.2,0.74,2.05,0.912,True
20,13,15.6,6.5,3.84,0.9,0.53,False
22,0,7.0,3.2,3.25,0.98,0.844,False
22,1,6.0,1.4,3.19,0.99,0.197,False
22,3,21.5,1006.9,0.05,7.93,0.883,False
22,4,7.0,2.6,2.79,1.06,0.578,False
22,5,14.7,13.0,0.37,2.92,0.759,False
22,6,6.4,2.4,4.0,0.89,0.87,False
22,8,10.4,5.3,0.8,1.98,0.641,False
22,9,11.3,201.1,0.05,7.93,0.974,False
22,10,10.5,4.5,1.0,1.77,0.752,False
22,11,6.0,2.5,4.0,0.89,0.701,False
22,12,6.9,2.6,2.99,1.03,0.441,False
23,0,5.7,2.3,2.17,1.2,0.575,False
23,1,8.0,229.1,0.05,7.93,0.239,False
23,3,5.8,2.2,1.68,1.37,0.569,False
23,4,6.7,2.1,1.48,1.46,0.721,False
23,5,6.8,2.2,3.9,0.9,0.251,False
23,6,8.7,2.9,1.64,1.38,0.61,False
23,7,8.0,2.8,2.33,1.16,0.762,False
23,8,38.1,28.6,0.37,2.92,0.992,True
23,9,6.9,4.6,0.65,2.21,0.514,False
23,10,35.2,66.8,0.51,2.49,0.987,True
23,11,7.4,1.6,4.0,0.89,0.372,False
23,12,10.8,4.4,1.34,1.53,0.745,False
23,13,5.5,1.6,1.82,1.32,0.33,False
24,0,19.7,1336.9,0.05,7.93,0.408,False
24,2,22.6,6.9,1.34,1.53,0.451,False
24,3,9.8,3.9,1.36,1.52,0.722,False
24,4,8.0,875.7,0.05,7.93,0.875,False
24,5,17.6,179.9,0.05,7.93,0.842,False
24,6,21.0,1516.2,0.05,7.93,0.785,False
24,7,22.5,8.8,0.86,1.91,0.773,False
24,8,19.0,7.7,1.02,1.75,0.852,False
24,9,22.5,1428.4,0.05,7.93,0.717,False
24,10,11.4,4.8,1.04,1.74,0.776,False
24,11,17.5,6.0,1.12,1.67,0.521,False
24,12,11.9,3.3,4.0,0.89,0.46,False
24,13,18.4,6.6,1.38,1.51,0.512,False
26,3,7.2,3.7,0.57,2.36,0.873,False
26,5,27.6,16.4,0.59,2.32,0.99,True
26,7,20.2,14.2,0.49,2.54,0.987,True
26,8,14.8,7.8,0.71,2.11,0.982,True
26,9,7.1,5.4,0.53,2.44,0.962,True
26,10,47.6,31.3,0.49,2.54,0.997,True
26,12,11.2,256.0,0.05,7.93,0.971,False
34,3,6.7,349.2,0.05,7.93,0.711,False
34,5,32.1,20.8,0.55,2.4,0.994,True
34,7,5.7,309.9,0.05,7.93,0.849,False
34,8,25.9,40.4,0.31,3.19,0.979,True
34,9,12.1,231.7,0.05,7.93,0.931,False
34,10,22.7,183.6,0.15,4.59,0.985,True
34,12,6.0,2.6,1.1,1.69,0.902,True
36,5,15.5,17.0,0.33,3.1,0.903,True
36,9,11.1,6.1,0.84,1.93,0.968,True
36,10,40.2,20.9,0.65,2.21,0.995,True
37,0,5.2,358.9,0.05,7.93,0.705,False
37,1,6.5,1.7,1.28,1.57,0.392,False
37,3,9.8,212.8,0.05,7.93,0.939,False
37,5,10.7,34.7,0.19,4.08,0.933,True
37,6,5.4,2.3,0.86,1.91,0.875,False
37,7,10.8,583.5,0.05,7.93,0.946,False
37,8,5.3,2.4,1.26,1.58,0.719,False
37,9,15.2,201.7,0.13,4.93,0.958,True
37,10,39.6,20.9,0.61,2.28,0.985,True
38,3,9.8,4.4,0.86,1.91,0.91,True
38,5,25.0,12.1,0.76,2.03,0.988,True
38,8,5.2,2.5,1.24,1.59,0.9,False
38,9,13.9,518.5,0.05,7.93,0.897,False
38,10,26.7,19.0,0.49,2.54,0.992,True
39,0,7.8,860.0,0.05,7.93,0.602,False
39,1,5.9,2.1,3.5,0.95,0.461,False
39,3,6.5,1.6,3.21,0.99,0.293,False
39,10,5.8,629.4,0.05,7.93,0.592,False
39,12,8.9,2.0,4.0,0.89,0.215,False
40,0,6.3,3.0,1.72,1.35,0.92,True
40,5,11.4,7.5,0.55,2.4,0.908,True
40,8,5.0,2.4,0.76,2.03,0.7,False
40,9,8.5,9.4,0.21,3.88,0.903,True
40,10,22.3,21.1,0.33,3.1,0.991,True
48,1,5.2,2.0,2.31,1.17,0.628,False
48,5,13.5,1056.6,0.05,7.93,0.929,False
48,7,5.1,387.0,0.05,7.93,0.948,False
48,8,38.3,578.5,0.05,7.93,0.995,False
48,9,10.9,6.8,0.67,2.17,0.988,True
48,10,51.3,267.1,0.13,4.93,0.999,True
48,12,9.4,233.8,0.05,7.93,0.865,False
49,1,5.9,2.4,0.88,1.89,0.813,False
49,3,9.9,6.5,0.39,2.85,0.877,False
49,5,26.7,13.9,0.67,2.17,0.999,True
49,9,14.0,481.3,0.05,7.93,0.979,False
49,10,52.6,27.9,0.61,2.28,0.998,True
49,12,7.0,653.7,0.05,7.93,0.699,False
50,0,5.5,198.7,0.05,7.93,0.309,False
50,3,18.6,9.9,0.71,2.11,0.993,True
50,5,9.1,4.3,1.06,1.72,0.893,False
50,6,15.5,8.2,0.63,2.24,0.99,True
50,9,9.3,4.4,1.1,1.69,0.939,True
50,10,25.1,17.8,0.67,2.17,0.977,True
50,12,9.9,6.3,0.51,2.49,0.784,False
52,1,5.6,2.5,0.82,1.95,0.771,False
52,3,29.7,19.1,0.57,2.36,0.99,True
52,5,52.6,27.9,0.63,2.24,0.995,True
52,9,99.2,55.9,0.57,2.36,0.997,True
52,10,41.9,83.1,0.39,2.85,0.992,True
52,12,8.0,10.5,0.53,2.44,0.923,True
53,0,15.3,5.1,3.33,0.97,0.263,False
53,1,9.8,2.7,2.37,1.15,0.457,False
53,2,15.1,3.8,1.9,1.29,0.258,False
53,3,33.5,937.3,0.05,7.93,0.959,False
53,4,17.4,302.4,0.05,7.93,0.526,False
53,5,40.9,23.1,0.65,2.21,0.954,True
53,6,41.3,1503.1,0.05,7.93,0.933,False
53,7,18.1,394.3,0.05,7.93,0.136,False
53,8,8.3,3.2,0.65,2.21,0.712,False
53,9,17.1,8.7,3.13,1.0,0.771,False
53,10,54.7,3165.4,0.05,7.93,0.936,False
53,11,14.3,132.8,0.05,7.93,0.407,False
53,13,18.1,1636.2,0.05,7.93,0.262,False
54,0,10.8,4.5,1.82,1.32,0.737,False
54,1,8.6,2.6,3.64,0.93,0.58,False
54,2,9.9,2.9,3.66,0.93,0.5,False
54,3,14.4,6.5,0.61,2.28,0.605,False
54,4,8.3,871.8,0.05,7.93,0.693,False
54,5,20.2,9.6,0.78,2.0,0.965,True
54,6,6.8,3.3,1.72,1.35,0.858,False
54,7,9.4,4.0,1.08,1.7,0.958,True
54,8,16.6,7.4,0.84,1.93,0.597,False
54,9,9.8,889.2,0.05,7.93,0.345,False
54,10,35.9,18.1,0.74,2.05,0.968,True
54,11,9.6,2.7,3.54,0.94,0.481,False
54,12,13.4,4.7,2.45,1.13,0.684,False
54,13,5.1,1.4,2.91,1.04,0.276,False
63,0,5.7,2.0,1.52,1.44,0.451,False
63,2,8.6,3.2,1.18,1.63,0.708,False
63,3,12.7,1655.9,0.05,7.93,0.811,False
63,4,14.6,1165.7,0.05,7.93,0.714,False
63,5,13.4,6.0,0.94,1.83,0.899,False
63,6,16.3,9.0,4.0,0.89,0.649,False
63,7,12.0,8.7,0.57,2.36,0.669,False
63,8,10.6,249.3,0.05,7.93,0.751,False
63,9,22.8,9.9,1.92,1.28,0.69,False
63,10,39.4,20.7,0.67,2.17,0.98,True
63,11,10.3,3.9,1.22,1.6,0.615,False
63,12,7.0,335.3,0.05,7.93,0.609,False
63,13,9.3,15.6,0.35,3.01,0.608,False
80,3,5.1,6.5,0.43,2.71,0.81,False
80,5,33.9,20.1,0.51,2.49,0.994,True
80,7,10.3,9.7,0.57,2.36,0.987,True
80,8,5.3,2.1,1.74,1.34,0.717,False
80,9,11.9,1250.2,0.05,7.93,0.979,False
80,10,50.8,2655.2,0.05,7.93,0.992,False
81,1,9.6,37.6,0.05,7.93,0.791,False
81,3,5.7,2.3,1.12,1.67,0.892,False
81,5,30.0,14.6,0.74,2.05,0.981,True
81,6,11.6,8.7,0.53,2.44,0.962,True
81,8,6.8,684.3,0.05,7.93,0.777,False
81,9,84.9,54.3,0.47,2.59,0.996,True
81,10,28.7,3321.5,0.05,7.93,0.993,False
83,5,5.7,316.0,0.05,7.93,0.394,False
83,9,5.2,436.3,0.05,7.93,0.488,False
83,10,8.9,4.2,1.12,1.67,0.956,True
86,5,9.1,4.5,0.61,2.28,0.957,True
86,9,8.3,5.3,0.57,2.36,0.857,False
86,10,11.9,465.8,0.05,7.93,0.875,False
87,5,6.1,245.2,0.05,7.93,0.91,False
87,10,8.6,416.8,0.05,7.93,0.952,False
97,1,5.2,1.2,4.0,0.89,0.176,False
97,3,5.9,35.1,0.17,4.31,0.975,True
97,5,15.1,7.3,0.9,1.86,0.988,True
97,7,15.6,144.3,0.05,7.93,0.961,False
97,8,14.3,889.1,0.05,7.93,0.979,False
97,9,5.4,789.1,0.05,7.93,0.717,False
97,10,17.6,25.3,0.23,3.71,0.988,True
98,3,5.2,3.1,0.67,2.17,0.651,False
98,5,7.5,623.1,0.05,7.93,0.745,False
98,7,8.3,3.5,0.78,2.0,0.904,True
98,8,10.7,4.8,0.9,1.86,0.931,True
98,9,14.0,9.6,0.59,2.32,0.987,True
98,10,30.4,15.9,0.63,2.24,0.989,True
98,12,6.4,242.4,0.05,7.93,0.765,False
99,3,9.1,4.5,0.71,2.11,0.955,True
99,5,5.9,2.6,4.0,0.89,0.651,False
99,6,6.0,3.8,0.45,2.65,0.945,True
99,8,9.8,3.5,0.82,1.95,0.842,False
99,9,6.0,310.5,0.05,7.93,0.894,False
99,10,44.9,40.1,0.31,3.19,0.988,True
100,3,25.7,197.7,0.13,4.93,0.988,True
100,5,11.1,601.5,0.05,7.93,0.941,False
100,6,12.1,6.5,0.61,2.28,0.968,True
100,9,5.4,299.6,0.05,7.93,0.895,False
100,10,18.3,106.4,0.05,7.93,0.97,False
101,0,15.0,5.1,3.7,0.92,0.671,False
101,1,12.0,4.8,1.88,1.29,0.897,False
101,2,17.4,4.0,1.52,1.44,0.235,False
101,3,45.5,420.9,0.05,7.93,0.922,False
101,4,23.3,8.7,3.56,0.94,0.585,False
101,5,10.2,1285.5,0.05,7.93,0.626,False
101,6,16.1,7.3,1.78,1.33,0.735,False
101,7,21.7,6.2,4.0,0.89,0.374,False
101,8,12.5,5.0,1.32,1.54,0.854,False
101,9,15.0,4.5,2.07,1.23,0.515,False
101,10,17.5,6.3,3.8,0.91,0.6,False
101,11,14.4,6.1,1.8,1.32,0.656,False
101,13,19.4,2098.8,0.05,7.93,0.5,False
102,0,12.7,4.5,2.43,1.14,0.663,False
102,1,15.0,5.5,4.0,0.89,0.416,False
102,2,21.2,10.2,1.58,1.41,0.77,False
102,3,12.5,1602.8,0.05,7.93,0.606,False
102,4,26.4,13.1,1.42,1.49,0.787,False
102,5,20.2,7.1,1.04,1.74,0.684,False
102,6,14.2,5.9,1.54,1.43,0.517,False
102,7,31.3,11.5,1.58,1.41,0.645,False
102,8,10.6,3.1,4.0,0.89,0.382,False
102,9,12.5,3.9,3.5,0.95,0.481,False
102,10,10.8,3.4,3.15,1.0,0.409,False
102,11,10.0,156.8,0.05,7.93,0.312,False
102,12,8.9,3.4,3.52,0.94,0.616,False
102,13,24.4,10.3,1.54,1.43,0.715,False
103,0,9.9,2.1,3.82,0.91,0.269,False
103,1,10.6,1.6,2.13,1.21,0.109,False
103,2,16.1,5.9,4.0,0.89,0.356,False
103,3,5.2,146.7,0.05,7.93,0.442,False
103,4,17.0,11.3,4.0,0.89,0.562,False
103,5,15.5,138.2,0.05,7.93,0.886,False
103,6,16.1,1397.1,0.05,7.93,0.636,False
103,7,18.7,6.3,4.0,0.89,0.414,False
103,8,13.0,10.8,0.47,2.59,0.936,True
103,9,24.6,310.0,0.11,5.36,0.836,False
103,10,27.4,1094.5,0.05,7.93,0.974,False
103,11,7.8,220.7,0.09,5.92,0.731,False
103,12,6.6,2.4,3.07,1.01,0.543,False
103,13,12.7,5.0,4.0,0.89,0.385,False
106,0,13.2,1368.9,0.05,7.93,0.568,False
106,1,9.8,4.8,1.48,1.46,0.674,False
106,2,13.4,489.4,0.05,7.93,0.168,False
106,3,11.2,3.1,1.64,1.38,0.258,False
106,4,13.8,4.0,3.42,0.96,0.343,False
106,5,7.6,2.9,0.74,2.05,0.562,False
106,6,14.0,3.0,3.7,0.92,0.27,False
106,7,10.9,3.5,0.9,1.86,0.36,False
106,8,8.3,3.5,3.58,0.94,0.883,False
106,9,14.7,5.1,3.98,0.89,0.482,False
106,10,13.9,4.0,2.09,1.22,0.473,False
106,11,10.4,3.6,3.03,1.02,0.451,False
106,12,8.8,3.3,3.15,1.0,0.413,False
106,13,12.4,19.2,0.05,7.93,0.125,False
107,0,10.6,4.6,1.22,1.6,0.662,False
107,1,12.7,4.7,2.05,1.24,0.556,False
107,2,10.3,3.3,1.7,1.36,0.475,False
107,3,10.1,1038.7,0.05,7.93,0.649,False
107,4,9.0,1004.1,0.05,7.93,0.672,False
107,5,8.0,4.2,4.0,0.89,0.656,False
107,6,9.8,3.5,3.84,0.9,0.494,False
107,7,12.0,4.4,2.11,1.22,0.652,False
107,8,9.8,4.8,2.29,1.17,0.686,False
107,9,10.2,2.8,1.52,1.44,0.285,False
107,10,12.4,6.2,2.13,1.21,0.585,False
107,11,14.2,6.7,1.54,1.43,0.724,False
107,12,13.3,4.3,1.22,1.6,0.531,False
107,13,7.5,3.0,1.66,1.38,0.645,False
108,0,7.0,589.2,0.05,7.93,0.325,False
108,1,8.8,534.9,0.05,7.93,0.186,False
108,2,8.6,548.0,0.05,7.93,0.37,False
108,4,20.7,1845.2,0.05,7.93,0.511,False
108,6,14.2,790.3,0.05,7.93,0.279,False
108,7,20.7,1401.2,0.05,7.93,0.474,False
108,9,18.7,1037.1,0.05,7.93,0.368,False
108,13,16.0,1051.0,0.05,7.93,0.39,False
111,0,16.3,6.2,1.5,1.45,0.438,False
111,1,10.3,3.8,2.45,1.13,0.555,False
111,2,14.8,4.0,4.0,0.89,0.242,False
111,3,8.8,4.0,1.32,1.54,0.804,False
111,4,13.0,5.1,3.38,0.96,0.5,False
111,5,14.0,4.2,0.98,1.79,0.447,False
111,6,25.1,9.6,2.45,1.13,0.694,False
111,7,16.4,7.2,4.0,0.89,0.535,False
111,8,5.3,2.9,3.21,0.99,0.879,False
111,9,19.5,7.4,3.66,0.93,0.678,False
111,10,19.7,763.3,0.05,7.93,0.965,False
111,11,16.8,6.8,3.29,0.98,0.518,False
111,12,10.9,10.7,0.25,3.56,0.756,False
111,13,13.0,4.4,3.98,0.89,0.38,False
112,0,13.5,5.7,3.11,1.01,0.815,False
112,1,7.1,2.6,3.42,0.96,0.519,False
112,2,10.7,3.4,3.7,0.92,0.556,False
112,4,8.5,3.9,0.59,2.32,0.599,False
112,5,5.2,3.3,0.65,2.21,0.416,False
112,6,14.5,4.8,1.14,1.66,0.775,False
112,7,11.7,4.8,0.94,1.83,0.76,False
112,8,10.5,1012.8,0.05,7.93,0.887,False
112,9,8.6,3.0,1.1,1.69,0.558,False
112,10,6.3,1.8,2.91,1.04,0.303,False
112,11,10.3,3.2,1.18,1.63,0.606,False
112,12,10.4,2.8,2.21,1.19,0.371,False
112,13,12.1,5.3,0.98,1.79,0.788,False
113,0,5.5,0.9,3.36,0.97,0.112,False
113,1,6.3,2.2,3.31,0.97,0.583,False
113,2,7.9,447.5,0.05,7.93,0.221,False
113,3,9.4,6.9,0.78,2.0,0.976,True
113,4,11.7,841.7,0.05,7.93,0.234,False
113,6,9.5,719.0,0.05,7.93,0.454,False
113,7,7.5,3.3,1.4,1.5,0.666,False
113,8,11.4,476.3,0.05,7.93,0.958,False
113,9,9.5,4.0,0.86,1.91,0.956,True
113,10,16.6,1169.0,0.05,7.93,0.915,False
113,11,15.8,1196.7,0.05,7.93,0.305,False
113,12,5.2,94.0,0.05,7.93,0.53,False
113,13,5.9,1.3,2.47,1.13,0.23,False
114,0,20.5,1690.5,0.05,7.93,0.681,False
114,1,14.3,5.2,2.89,1.04,0.627,False
114,2,19.9,7.1,4.0,0.89,0.297,False
114,3,9.9,5.1,3.17,1.0,0.679,False
114,4,17.4,16.4,0.65,2.21,0.843,False
114,5,21.4,5.4,1.72,1.35,0.399,False
114,6,21.2,7.6,2.31,1.17,0.608,False
114,7,24.3,47.9,0.37,2.92,0.518,False
114,8,13.0,3.9,4.0,0.89,0.524,False
114,9,15.3,5.4,1.96,1.27,0.509,False
114,10,15.6,5.8,3.03,1.02,0.696,False
114,11,21.1,1686.0,0.05,7.93,0.522,False
114,12,16.8,4.6,4.0,0.89,0.279,False
114,13,15.3,22.3,0.47,2.59,0.642,False
115,0,14.0,4.4,2.33,1.16,0.441,False
115,1,9.1,4.0,3.13,1.0,0.614,False
115,2,8.3,2.9,3.98,0.89,0.367,False
115,3,11.6,4.7,3.5,0.95,0.593,False
115,4,8.9,3.9,2.85,1.05,0.826,False
115,5,12.5,198.0,0.05,7.93,0.572,False
115,6,14.0,4.7,0.9,1.86,0.667,False
115,7,8.1,60.9,0.15,4.59,0.58,False
115,8,17.1,323.5,0.05,7.93,0.669,False
115,9,7.7,2.8,3.27,0.98,0.476,False
115,10,15.7,5.0,3.86,0.9,0.768,False
115,11,10.4,3.2,2.09,1.22,0.457,False
115,12,11.7,3.7,3.48,0.95,0.387,False
115,13,10.1,6.0,3.17,1.0,0.775,False
116,0,10.2,4.1,2.35,1.16,0.495,False
116,1,8.9,2.4,1.04,1.74,0.337,False
116,2,9.3,3.5,1.16,1.64,0.573,False
116,3,9.1,174.4,0.05,7.93,0.404,False
116,4,11.1,2.6,1.5,1.45,0.243,False
116,5,11.2,3.6,1.58,1.41,0.347,False
116,6,13.8,5.8,1.94,1.27,0.782,False
116,7,10.3,4.0,2.11,1.22,0.635,False
116,8,10.8,3.3,1.18,1.63,0.509,False
116,9,10.4,5.7,2.07,1.23,0.934,True
116,10,14.3,5.4,3.9,0.9,0.527,False
116,11,10.8,4.1,1.18,1.63,0.357,False
116,12,8.9,4.5,4.0,0.89,0.474,False
116,13,7.0,1.4,1.94,1.27,0.144,False
117,0,10.6,3.6,3.4,0.96,0.538,False
117,2,17.4,6.1,3.62,0.93,0.501,False
117,3,5.6,1.5,1.04,1.74,0.37,False
117,4,18.6,9.1,1.44,1.48,0.648,False
117,5,12.5,1.5,2.23,1.19,0.12,False
117,6,14.3,5.4,1.36,1.52,0.559,False
117,7,19.7,6.4,1.4,1.5,0.487,False
117,8,5.9,73.2,0.05,7.93,0.458,False
117,9,16.8,6.2,1.42,1.49,0.545,False
117,10,11.9,5.7,4.0,0.89,0.704,False
117,11,9.3,3.1,1.22,1.6,0.454,False
117,12,7.8,2.3,3.21,0.99,0.344,False
117,13,27.5,9.3,1.42,1.49,0.441,False
118,0,7.5,3.4,3.07,1.01,0.895,False
118,1,9.5,3.4,4.0,0.89,0.635,False
118,2,15.9,7.9,1.9,1.29,0.924,True
118,3,5.5,1.9,3.72,0.92,0.544,False
118,4,16.3,7.4,1.94,1.27,0.75,False
118,5,9.9,2.3,3.13,1.0,0.301,False
118,6,16.9,8.2,2.93,1.04,0.831,False
118,7,20.7,10.6,1.84,1.31,0.946,True
118,8,12.4,4.4,3.84,0.9,0.469,False
118,9,9.6,5.6,2.93,1.04,0.892,False
118,10,10.9,5.5,0.9,1.86,0.762,False
118,11,14.5,6.9,1.94,1.27,0.805,False
118,12,10.1,2.7,2.51,1.12,0.62,False
118,13,22.3,8.9,1.84,1.31,0.735,False
119,0,5.5,2.0,2.25,1.18,0.707,False
119,1,16.0,5.9,3.19,0.99,0.514,False
119,2,12.4,6.0,3.03,1.02,0.877,False
119,3,9.8,4.4,4.0,0.89,0.637,False
119,4,14.7,5.6,1.88,1.29,0.773,False
119,5,20.0,7.5,1.56,1.42,0.701,False
119,6,10.6,3.7,3.94,0.89,0.471,False
119,7,15.6,6.3,1.82,1.32,0.757,False
119,8,13.0,3.6,4.0,0.89,0.269,False
119,9,6.4,3.0,2.83,1.05,0.882,False
119,10,11.6,5.1,3.33,0.97,0.908,True
119,11,15.7,959.1,0.05,7.93,0.735,False
119,12,7.7,3.2,1.64,1.38,0.478,False
119,13,13.7,6.3,2.81,1.06,0.907,True
120,0,9.4,3.7,2.37,1.15,0.695,False
120,1,5.9,2.6,2.83,1.05,0.654,False
120,2,11.7,4.8,4.0,0.89,0.546,False
120,3,11.1,7.0,4.0,0.89,0.821,False
120,4,12.5,4.2,2.49,1.12,0.496,False
120,5,13.2,5.0,2.21,1.19,0.537,False
120,6,14.2,6.0,1.86,1.3,0.829,False
120,7,20.0,5.7,2.95,1.03,0.344,False
120,8,8.8,4.4,3.15,1.0,0.597,False
120,9,9.9,4.2,1.76,1.34,0.656,False
120,10,16.8,5.4,2.89,1.04,0.516,False
120,11,14.5,5.0,1.36,1.52,0.406,False
120,12,15.5,205.7,0.05,7.93,0.366,False
120,13,11.2,4.4,4.0,0.89,0.476,False
121,0,5.3,1.9,3.5,0.95,0.584,False
121,1,5.5,2.4,3.38,0.96,0.795,False
121,2,5.7,420.9,0.05,7.93,0.318,False
121,3,6.0,2.2,3.17,1.0,0.495,False
121,4,7.5,3.4,2.97,1.03,0.642,False
121,5,7.2,529.4,0.05,7.93,0.416,False
121,6,8.2,3.9,4.0,0.89,0.711,False
121,7,6.0,2.0,4.0,0.89,0.645,False
121,8,9.8,2.1,3.44,0.96,0.249,False
121,9,8.1,2.1,4.0,0.89,0.169,False
121,10,10.1,2.7,3.31,0.97,0.439,False
121,11,5.2,1.5,2.97,1.03,0.402,False
121,12,9.3,4.0,3.76,0.91,0.599,False
121,13,6.4,1.4,0.74,2.05,0.321,False
122,0,14.2,129.8,0.05,7.93,0.143,False
122,1,10.1,2.2,2.97,1.03,0.186,False
122,2,18.6,6.8,1.82,1.32,0.591,False
122,4,14.8,6.1,1.98,1.26,0.825,False
122,5,10.9,4.9,4.0,0.89,0.744,False
122,6,11.5,6.1,0.47,2.59,0.831,False
122,7,24.1,10.2,1.86,1.3,0.801,False
122,8,9.6,2.2,1.14,1.66,0.373,False
122,9,12.3,43.3,0.15,4.59,0.414,False
122,11,13.7,6.2,4.0,0.89,0.687,False
122,12,7.7,4.9,1.48,1.46,0.796,False
122,13,24.4,10.2,1.64,1.38,0.748,False
125,3,5.2,1.9,0.98,1.79,0.682,False
125,5,6.5,201.1,0.05,7.93,0.901,False
125,7,8.1,459.5,0.05,7.93,0.938,False
125,8,12.1,32.1,0.31,3.19,0.987,True
125,9,5.8,2.8,1.0,1.77,0.928,True
125,10,22.6,2276.9,0.05,7.93,0.982,False
125,12,6.2,3.2,0.86,1.91,0.902,True
126,0,5.2,1.5,2.53,1.11,0.417,False
126,5,5.7,384.8,0.05,7.93,0.738,False
126,7,8.7,622.6,0.05,7.93,0.927,False
126,8,13.7,1538.1,0.05,7.93,0.948,False
126,9,6.4,2.7,1.16,1.64,0.896,False
126,10,22.7,2416.7,0.05,7.93,0.971,False
126,12,5.4,2.5,0.98,1.79,0.934,True
127,0,7.0,193.3,0.05,7.93,0.281,False
127,1,8.1,2.0,2.73,1.07,0.46,False
127,5,5.5,145.9,0.05,7.93,0.443,False
127,8,8.0,1.7,3.38,0.96,0.208,False
127,9,5.0,1.8,2.49,1.12,0.537,False
127,12,8.1,11.8,0.05,7.93,0.104,False
127,13,5.0,2.0,3.13,1.0,0.538,False
