ch,pd,swing_mV,reliable,Vpi,V0,Vnull,V0_reach,Vnull_reach,phi0,visibility,rmse_mV,ok
2,10,57.4,True,3.23,0.736,3.312,True,True,6.12,0.124,1.03,True
4,9,67.1,True,3.019,4.135,2.826,False,True,0.388,0.306,2.32,True
5,9,61.1,True,2.95,0.553,3.001,True,True,6.173,0.291,0.85,True
8,1,7.6,False,36.991,37.157,3.504,False,True,3.113,-1.017,1.18,True
9,9,4.4,False,32.52,32.716,3.574,False,True,3.104,0.969,0.56,True
14,8,4.4,False,32.135,32.323,3.482,False,True,3.105,-1.05,0.59,True
15,4,3.7,False,1.923,1.185,2.259,True,True,5.091,0.017,0.69,True
17,12,7.3,False,38.299,38.464,3.56,False,True,3.114,0.988,0.99,True
18,12,5.8,True,4.252,5.52,3.52,False,True,0.989,0.017,0.49,True
27,10,5.0,False,39.726,56.114,39.63,False,False,0.015,-1.064,0.44,True
28,3,3.3,False,1.8,0.906,2.015,True,True,5.486,0.007,0.52,True
29,1,3.9,False,3.663,5.12,3.577,False,True,0.146,0.006,0.73,True
30,11,2.9,False,1.692,2.311,1.573,True,True,0.425,0.016,0.5,True
31,8,4.0,False,6.116,7.94,5.064,False,False,0.988,0.014,0.25,True
32,8,5.5,False,40.438,40.622,3.865,False,True,3.113,0.979,0.61,True
33,10,3.7,False,38.325,54.111,38.2,False,False,0.02,-1.137,0.48,True
41,12,3.5,False,4.342,0.538,4.375,True,False,6.235,0.01,0.51,True
42,10,3.8,False,2.458,3.412,2.367,True,True,0.228,0.005,0.58,True
46,3,2.9,False,2.273,1.0,2.484,True,True,5.675,0.005,0.45,True
47,9,3.8,False,30.946,31.304,4.718,False,False,3.069,-1.148,0.8,True
55,6,3.1,False,3.129,2.572,4.05,True,False,4.162,0.02,0.39,True
56,2,3.8,False,2.056,1.479,2.533,True,True,4.657,0.031,0.71,True
58,12,3.3,False,1.505,0.998,1.806,True,True,4.902,0.008,0.42,True
59,10,2.6,False,0.821,1.048,0.652,True,True,1.157,0.005,0.44,True
60,13,2.9,False,1.526,1.204,1.944,True,True,4.327,0.005,0.56,True
72,6,10.6,True,2.394,1.651,2.908,True,True,4.788,0.057,2.15,True
73,1,6.2,True,1.544,0.604,1.658,True,True,5.802,0.011,0.61,True
74,2,6.1,True,1.741,2.22,1.377,True,True,1.179,0.066,0.89,True
75,0,2.7,False,2.344,1.785,2.946,True,True,4.462,0.007,0.29,True
76,12,7.9,True,1.632,2.109,1.336,True,True,1.038,0.018,1.51,True
77,0,7.0,True,1.123,0.574,1.262,True,True,5.462,0.016,1.0,True
78,1,3.5,False,1.218,1.646,1.107,True,True,0.548,0.005,0.73,True
80,11,3.7,False,1.512,1.162,1.907,True,True,4.426,0.019,0.73,True
87,9,44.2,True,3.066,1.839,3.575,True,True,5.153,0.156,0.81,True
88,3,3.7,False,1.846,0.518,1.917,True,True,6.035,0.007,0.67,True
89,2,10.2,True,2.853,1.704,3.324,True,True,5.162,0.046,2.46,True
90,1,6.0,True,2.031,0.656,2.134,True,True,5.955,0.008,1.75,True
91,1,7.6,True,0.779,0.527,0.941,True,True,4.847,0.012,1.06,True
92,0,13.5,True,2.265,1.43,2.679,True,True,5.03,0.023,2.19,True
93,11,8.8,True,2.867,1.49,3.231,True,True,5.435,0.063,1.29,True
94,2,8.1,True,1.197,1.533,0.958,True,True,1.128,0.041,1.92,True
99,3,15.1,True,1.121,0.595,1.269,True,True,5.398,0.03,3.24,True
101,10,18.0,True,0.79,1.117,0.79,True,True,0.004,0.04,4.28,True
102,10,3.7,False,0.809,1.122,0.778,True,True,0.234,0.007,0.38,True
103,1,3.3,False,1.227,1.461,0.793,True,True,1.829,0.007,0.64,True
104,2,2.8,False,1.518,1.418,2.077,True,True,3.538,0.018,0.61,True
105,2,3.0,False,1.609,1.2,2.007,True,True,4.537,0.017,0.45,True
106,10,3.4,False,2.701,2.263,3.524,True,True,4.078,0.005,0.51,True
107,4,3.3,False,1.744,2.179,1.306,True,True,1.38,0.022,0.6,True
108,4,3.1,False,2.167,0.566,2.24,True,True,6.069,0.017,0.43,True
116,12,3.9,False,1.799,1.428,2.297,True,True,4.304,0.009,0.61,True
119,12,4.2,False,3.074,1.941,3.635,True,True,5.031,0.012,0.66,True
121,3,2.9,False,1.429,1.114,1.812,True,True,4.376,0.006,0.45,True
122,5,2.7,False,2.2,1.643,2.746,True,True,4.531,0.005,0.36,True
123,8,4.0,False,3.151,1.539,3.507,True,True,5.534,0.007,0.45,True
127,3,3.9,False,1.223,0.595,1.36,True,True,5.541,0.008,0.71,True
