ch,base_pd0,base_pd1,base_pd2,base_pd3,base_pd4,base_pd5,base_pd6,base_pd7,base_pd8,base_pd9,base_pd10,base_pd11,base_pd12,base_pd13,drive_pd0,drive_pd1,drive_pd2,drive_pd3,drive_pd4,drive_pd5,drive_pd6,drive_pd7,drive_pd8,drive_pd9,drive_pd10,drive_pd11,drive_pd12,drive_pd13
0,0.0201,0.0912,0.0003,0.0993,0.0003,0.1031,0.0024,0.0042,0.1886,0.0109,0.1275,0.0016,0.1849,0.0001,0.0201,0.0916,0.0003,0.1003,0.0002,0.1040,0.0025,0.0038,0.1891,0.0117,0.1282,0.0012,0.1855,0.0004
1,0.0197,0.0911,0.0002,0.1004,0.0003,0.1046,0.0027,0.0039,0.1901,0.0104,0.1290,0.0015,0.1850,0.0002,0.0202,0.0902,0.0002,0.1008,0.0006,0.1041,0.0024,0.0038,0.1895,0.0109,0.1283,0.0011,0.1860,0.0003
2,0.0205,0.0913,0.0003,0.1010,0.0004,0.1051,0.0027,0.0043,0.1896,0.0112,0.1290,0.0015,0.1864,0.0002,0.0208,0.0912,0.0002,0.1008,0.0004,0.1041,0.0026,0.0042,0.1897,0.0111,0.1284,0.0015,0.1858,0.0001
3,0.0202,0.0921,0.0004,0.1009,0.0001,0.1048,0.0029,0.0038,0.1899,0.0109,0.1289,0.0017,0.1856,0.0004,0.0203,0.0916,0.0001,0.1003,0.0003,0.1044,0.0025,0.0045,0.1898,0.0114,0.1284,0.0016,0.1857,0.0004
4,0.0207,0.0912,0.0004,0.1002,0.0004,0.1045,0.0025,0.0047,0.1895,0.0114,0.1289,0.0016,0.1859,0.0004,0.0197,0.0915,0.0003,0.1009,0.0003,0.1048,0.0034,0.0039,0.1894,0.0107,0.1289,0.0015,0.1854,0.0002
5,0.0201,0.0915,0.0001,0.1012,0.0003,0.1049,0.0029,0.0039,0.1892,0.0107,0.1288,0.0016,0.1858,0.0003,0.0202,0.0913,0.0002,0.1006,0.0003,0.1043,0.0026,0.0042,0.1898,0.0112,0.1293,0.0015,0.1855,0.0005
6,0.0203,0.0913,0.0003,0.1003,0.0002,0.1042,0.0029,0.0042,0.1895,0.0113,0.1290,0.0020,0.1857,0.0004,0.0205,0.0908,0.0001,0.1009,0.0003,0.1043,0.0028,0.0040,0.1898,0.0116,0.1287,0.0016,0.1858,0.0003
7,0.0195,0.0913,0.0001,0.1009,0.0002,0.1045,0.0027,0.0040,0.1901,0.0105,0.1288,0.0020,0.1853,0.0003,0.0204,0.0916,0.0002,0.1012,0.0002,0.1050,0.0029,0.0039,0.1894,0.0112,0.1294,0.0017,0.1862,0.0003
8,0.0201,0.0912,0.0003,0.1013,0.0003,0.1054,0.0027,0.0044,0.1899,0.0111,0.1286,0.0014,0.1861,0.0007,0.0204,0.0911,0.0003,0.1014,0.0003,0.1042,0.0026,0.0038,0.1896,0.0109,0.1290,0.0016,0.1856,0.0003
9,0.0205,0.0909,0.0003,0.1007,0.0001,0.1039,0.0026,0.0043,0.1894,0.0111,0.1286,0.0015,0.1859,0.0004,0.0205,0.0905,0.0001,0.1007,0.0003,0.1041,0.0026,0.0044,0.1894,0.0109,0.1294,0.0011,0.1857,0.0003
10,0.0197,0.0918,0.0001,0.1009,0.0001,0.1047,0.0024,0.0038,0.1895,0.0113,0.1290,0.0011,0.1864,0.0002,0.0199,0.0916,0.0002,0.1008,0.0001,0.1041,0.0030,0.0037,0.1896,0.0109,0.1292,0.0016,0.1857,0.0004
11,0.0207,0.0913,0.0002,0.1005,0.0003,0.1043,0.0024,0.0040,0.1896,0.0105,0.1290,0.0014,0.1858,0.0002,0.0206,0.0911,0.0003,0.1009,0.0001,0.1041,0.0028,0.0049,0.1893,0.0103,0.1285,0.0018,0.1857,0.0003
12,0.0204,0.0917,0.0003,0.1003,0.0002,0.1048,0.0029,0.0045,0.1896,0.0110,0.1289,0.0013,0.1866,0.0003,0.0210,0.0907,0.0003,0.1012,0.0002,0.1043,0.0027,0.0041,0.1903,0.0110,0.1291,0.0016,0.1862,0.0003
13,0.0209,0.0914,0.0002,0.1007,0.0003,0.1051,0.0025,0.0043,0.1892,0.0106,0.1290,0.0020,0.1850,0.0003,0.0204,0.0917,0.0004,0.1006,0.0002,0.1052,0.0032,0.0039,0.1890,0.0109,0.1285,0.0018,0.1859,0.0002
14,0.0197,0.0908,0.0004,0.0998,0.0004,0.1046,0.0028,0.0041,0.1891,0.0103,0.1296,0.0020,0.1862,0.0003,0.0195,0.0924,0.0004,0.1002,0.0004,0.1046,0.0030,0.0043,0.1900,0.0107,0.1290,0.0019,0.1860,0.0003
15,0.0200,0.0907,0.0004,0.1004,0.0005,0.1042,0.0030,0.0040,0.1898,0.0111,0.1288,0.0017,0.1857,0.0002,0.0203,0.0910,0.0003,0.1010,0.0003,0.1053,0.0031,0.0041,0.1902,0.0110,0.1296,0.0014,0.1862,0.0002
16,0.0208,0.0911,0.0002,0.1006,0.0003,0.1047,0.0025,0.0040,0.1902,0.0107,0.1287,0.0017,0.1862,0.0003,0.0203,0.0908,0.0003,0.1009,0.0003,0.1055,0.0021,0.0043,0.1891,0.0115,0.1288,0.0013,0.1862,0.0002
17,0.0262,0.0897,0.0101,0.0993,0.0082,0.1065,0.0137,0.0141,0.1880,0.0206,0.1280,0.0137,0.1874,0.0112,0.0237,0.0911,0.0069,0.1011,0.0120,0.1038,0.0109,0.0161,0.1906,0.0186,0.1285,0.0089,0.1861,0.0087
18,0.0219,0.0879,0.0042,0.0977,0.0049,0.1037,0.0088,0.0096,0.1892,0.0148,0.1278,0.0078,0.1840,0.0037,0.0215,0.0909,0.0042,0.1009,0.0038,0.1045,0.0080,0.0096,0.1891,0.0138,0.1295,0.0061,0.1860,0.0053
19,0.0213,0.0902,0.0041,0.1010,0.0045,0.1043,0.0072,0.0100,0.1904,0.0135,0.1295,0.0072,0.1858,0.0043,0.0211,0.0910,0.0045,0.0999,0.0044,0.1034,0.0081,0.0090,0.1906,0.0135,0.1274,0.0067,0.1850,0.0045
20,0.0213,0.0901,0.0048,0.1003,0.0044,0.1055,0.0092,0.0093,0.1891,0.0131,0.1295,0.0070,0.1862,0.0043,0.0216,0.0928,0.0039,0.1016,0.0026,0.1063,0.0066,0.0083,0.1895,0.0126,0.1293,0.0067,0.1853,0.0033
21,0.0246,0.0914,0.0083,0.1007,0.0088,0.1044,0.0127,0.0135,0.1897,0.0179,0.1302,0.0119,0.1867,0.0075,0.0247,0.0907,0.0089,0.0998,0.0070,0.1052,0.0118,0.0117,0.1900,0.0166,0.1301,0.0098,0.1856,0.0086
22,0.0202,0.0916,0.0002,0.1013,0.0003,0.1048,0.0029,0.0044,0.1895,0.0112,0.1290,0.0018,0.1864,0.0003,0.0203,0.0907,0.0003,0.1013,0.0003,0.1048,0.0036,0.0041,0.1893,0.0111,0.1291,0.0020,0.1865,0.0003
23,0.0202,0.0915,0.0002,0.1007,0.0003,0.1046,0.0025,0.0044,0.1899,0.0110,0.1293,0.0014,0.1859,0.0004,0.0202,0.0918,0.0003,0.1011,0.0003,0.1047,0.0032,0.0040,0.1899,0.0103,0.1288,0.0017,0.1858,0.0004
24,0.0205,0.0912,0.0002,0.1009,0.0003,0.1045,0.0027,0.0042,0.1897,0.0110,0.1282,0.0014,0.1855,0.0004,0.0198,0.0914,0.0003,0.1008,0.0005,0.1053,0.0025,0.0039,0.1896,0.0109,0.1285,0.0016,0.1863,0.0005
25,0.0204,0.0916,0.0001,0.1009,0.0003,0.1050,0.0026,0.0041,0.1895,0.0112,0.1294,0.0014,0.1865,0.0003,0.0203,0.0914,0.0003,0.1009,0.0001,0.1057,0.0023,0.0041,0.1896,0.0103,0.1286,0.0013,0.1857,0.0002
26,0.0193,0.0911,0.0002,0.1003,0.0003,0.1039,0.0022,0.0038,0.1894,0.0106,0.1287,0.0013,0.1856,0.0003,0.0197,0.0916,0.0002,0.1012,0.0001,0.1046,0.0026,0.0045,0.1898,0.0103,0.1297,0.0011,0.1866,0.0003
27,0.0204,0.0902,0.0004,0.1010,0.0002,0.1045,0.0025,0.0042,0.1895,0.0105,0.1296,0.0011,0.1863,0.0002,0.0193,0.0916,0.0002,0.1009,0.0003,0.1046,0.0030,0.0040,0.1897,0.0106,0.1293,0.0016,0.1866,0.0005
28,0.0199,0.0919,0.0001,0.1010,0.0004,0.1046,0.0026,0.0042,0.1899,0.0108,0.1293,0.0018,0.1860,0.0002,0.0272,0.0912,0.0124,0.1035,0.0108,0.1029,0.0173,0.0165,0.1892,0.0215,0.1302,0.0126,0.1823,0.0123
29,0.0221,0.0910,0.0041,0.0998,0.0051,0.1043,0.0094,0.0090,0.1890,0.0150,0.1291,0.0067,0.1856,0.0040,0.0244,0.0907,0.0076,0.1016,0.0078,0.1048,0.0104,0.0126,0.1914,0.0152,0.1288,0.0086,0.1868,0.0088
30,0.0256,0.0914,0.0085,0.1007,0.0069,0.1040,0.0111,0.0133,0.1904,0.0157,0.1298,0.0104,0.1861,0.0065,0.0256,0.0926,0.0081,0.0983,0.0086,0.1017,0.0118,0.0127,0.1889,0.0169,0.1279,0.0095,0.1851,0.0090
31,0.0249,0.0941,0.0088,0.1013,0.0090,0.1024,0.0112,0.0117,0.1903,0.0168,0.1277,0.0114,0.1852,0.0070,0.0229,0.0905,0.0075,0.1021,0.0078,0.1037,0.0107,0.0112,0.1891,0.0159,0.1309,0.0117,0.1866,0.0065
32,0.0224,0.0907,0.0076,0.1009,0.0066,0.1060,0.0080,0.0136,0.1883,0.0150,0.1295,0.0088,0.1856,0.0073,0.0216,0.0924,0.0046,0.1016,0.0043,0.1048,0.0076,0.0089,0.1896,0.0140,0.1295,0.0068,0.1867,0.0047
33,0.0252,0.0906,0.0100,0.1002,0.0077,0.1048,0.0121,0.0135,0.1897,0.0166,0.1288,0.0108,0.1853,0.0093,0.0218,0.0907,0.0039,0.1010,0.0052,0.1046,0.0064,0.0099,0.1888,0.0137,0.1301,0.0038,0.1868,0.0051
34,0.0199,0.0915,0.0002,0.1016,0.0002,0.1050,0.0025,0.0043,0.1890,0.0114,0.1284,0.0014,0.1861,0.0005,0.0212,0.0910,0.0003,0.1009,0.0003,0.1048,0.0023,0.0042,0.1897,0.0111,0.1292,0.0011,0.1870,0.0002
35,0.0204,0.0913,0.0001,0.1013,0.0005,0.1053,0.0023,0.0037,0.1901,0.0104,0.1289,0.0014,0.1861,0.0002,0.0203,0.0905,0.0002,0.1008,0.0003,0.1047,0.0021,0.0041,0.1895,0.0112,0.1288,0.0019,0.1863,0.0003
36,0.0203,0.0915,0.0004,0.1012,0.0001,0.1043,0.0025,0.0039,0.1890,0.0118,0.1287,0.0016,0.1856,0.0003,0.0203,0.0912,0.0002,0.1011,0.0002,0.1045,0.0023,0.0046,0.1891,0.0109,0.1293,0.0015,0.1857,0.0002
37,0.0204,0.0914,0.0001,0.1009,0.0003,0.1046,0.0029,0.0046,0.1896,0.0111,0.1288,0.0013,0.1863,0.0003,0.0203,0.0911,0.0002,0.1006,0.0003,0.1045,0.0025,0.0043,0.1901,0.0114,0.1294,0.0018,0.1859,0.0003
38,0.0204,0.0911,0.0002,0.1008,0.0002,0.1050,0.0024,0.0046,0.1895,0.0112,0.1286,0.0022,0.1860,0.0001,0.0208,0.0918,0.0003,0.1008,0.0004,0.1050,0.0031,0.0040,0.1891,0.0104,0.1296,0.0013,0.1858,0.0003
39,0.0205,0.0921,0.0003,0.1004,0.0002,0.1048,0.0028,0.0044,0.1900,0.0107,0.1287,0.0015,0.1861,0.0004,0.0210,0.0912,0.0004,0.1004,0.0003,0.1050,0.0026,0.0043,0.1896,0.0117,0.1292,0.0017,0.1860,0.0002
40,0.0202,0.0919,0.0003,0.1003,0.0003,0.1046,0.0029,0.0037,0.1892,0.0112,0.1283,0.0020,0.1857,0.0002,0.0202,0.0922,0.0003,0.1009,0.0002,0.1049,0.0027,0.0042,0.1892,0.0111,0.1291,0.0014,0.1860,0.0004
41,0.0205,0.0910,0.0003,0.1014,0.0002,0.1047,0.0028,0.0040,0.1902,0.0103,0.1294,0.0014,0.1861,0.0003,0.0205,0.0913,0.0003,0.1005,0.0002,0.1043,0.0026,0.0038,0.1895,0.0114,0.1283,0.0016,0.1856,0.0001
42,0.0205,0.0917,0.0002,0.1005,0.0002,0.1052,0.0028,0.0043,0.1890,0.0108,0.1297,0.0014,0.1865,0.0001,0.0205,0.0923,0.0001,0.1006,0.0001,0.1047,0.0026,0.0042,0.1902,0.0110,0.1294,0.0014,0.1864,0.0002
43,0.0202,0.0915,0.0002,0.1016,0.0003,0.1047,0.0025,0.0037,0.1899,0.0112,0.1294,0.0013,0.1859,0.0001,0.0204,0.0918,0.0001,0.1013,0.0001,0.1049,0.0023,0.0033,0.1901,0.0108,0.1295,0.0014,0.1860,0.0002
44,0.0199,0.0917,0.0003,0.1008,0.0002,0.1044,0.0024,0.0041,0.1904,0.0112,0.1285,0.0013,0.1860,0.0002,0.0205,0.0911,0.0002,0.1011,0.0002,0.1043,0.0029,0.0047,0.1901,0.0109,0.1289,0.0016,0.1861,0.0004
45,0.0207,0.0914,0.0003,0.1008,0.0003,0.1052,0.0030,0.0041,0.1900,0.0114,0.1284,0.0017,0.1860,0.0004,0.0201,0.0914,0.0002,0.1006,0.0004,0.1047,0.0027,0.0044,0.1897,0.0115,0.1292,0.0013,0.1865,0.0004
46,0.0204,0.0917,0.0002,0.1011,0.0002,0.1045,0.0030,0.0040,0.1897,0.0107,0.1292,0.0014,0.1862,0.0001,0.0205,0.0913,0.0003,0.1011,0.0003,0.1054,0.0027,0.0038,0.1897,0.0116,0.1288,0.0015,0.1862,0.0003
47,0.0205,0.0913,0.0004,0.1011,0.0004,0.1049,0.0030,0.0039,0.1903,0.0112,0.1294,0.0016,0.1859,0.0003,0.0194,0.0923,0.0003,0.1008,0.0003,0.1047,0.0027,0.0042,0.1894,0.0110,0.1289,0.0019,0.1860,0.0003
48,0.0206,0.0911,0.0001,0.1008,0.0002,0.1052,0.0027,0.0043,0.1898,0.0105,0.1285,0.0018,0.1855,0.0003,0.0201,0.0911,0.0004,0.1004,0.0002,0.1048,0.0029,0.0040,0.1896,0.0113,0.1290,0.0018,0.1858,0.0003
49,0.0201,0.0917,0.0002,0.1000,0.0004,0.1046,0.0028,0.0042,0.1895,0.0112,0.1290,0.0017,0.1865,0.0003,0.0207,0.0916,0.0002,0.1014,0.0002,0.1052,0.0027,0.0038,0.1901,0.0109,0.1289,0.0013,0.1856,0.0005
50,0.0201,0.0914,0.0002,0.1014,0.0002,0.1049,0.0029,0.0045,0.1893,0.0111,0.1289,0.0015,0.1864,0.0003,0.0206,0.0915,0.0002,0.1009,0.0003,0.1046,0.0029,0.0037,0.1901,0.0111,0.1287,0.0013,0.1868,0.0003
51,0.0205,0.0914,0.0003,0.1011,0.0004,0.1046,0.0024,0.0043,0.1897,0.0111,0.1282,0.0014,0.1861,0.0002,0.0206,0.0917,0.0004,0.1006,0.0002,0.1048,0.0024,0.0040,0.1897,0.0108,0.1286,0.0013,0.1868,0.0001
52,0.0196,0.0911,0.0002,0.1011,0.0004,0.1044,0.0027,0.0034,0.1898,0.0112,0.1288,0.0014,0.1860,0.0002,0.0202,0.0909,0.0003,0.1014,0.0002,0.1051,0.0028,0.0043,0.1895,0.0106,0.1295,0.0014,0.1856,0.0003
53,0.0205,0.0916,0.0003,0.1013,0.0001,0.1046,0.0022,0.0042,0.1897,0.0104,0.1297,0.0019,0.1867,0.0002,0.0196,0.0916,0.0002,0.1010,0.0002,0.1046,0.0025,0.0035,0.1898,0.0109,0.1290,0.0018,0.1860,0.0001
54,0.0203,0.0912,0.0003,0.1006,0.0003,0.1049,0.0031,0.0040,0.1900,0.0112,0.1292,0.0016,0.1864,0.0004,0.0203,0.0915,0.0003,0.1011,0.0001,0.1046,0.0026,0.0042,0.1897,0.0116,0.1293,0.0017,0.1858,0.0006
55,0.0203,0.0912,0.0004,0.1017,0.0003,0.1051,0.0023,0.0047,0.1897,0.0112,0.1298,0.0018,0.1858,0.0004,0.0205,0.0910,0.0005,0.1010,0.0004,0.1045,0.0029,0.0044,0.1894,0.0114,0.1298,0.0016,0.1862,0.0003
56,0.0202,0.0915,0.0002,0.1001,0.0005,0.1045,0.0032,0.0041,0.1898,0.0110,0.1290,0.0017,0.1863,0.0003,0.0199,0.0918,0.0004,0.1009,0.0003,0.1052,0.0027,0.0044,0.1899,0.0115,0.1295,0.0013,0.1864,0.0004
57,0.0205,0.0913,0.0003,0.1015,0.0003,0.1048,0.0025,0.0040,0.1903,0.0113,0.1293,0.0020,0.1864,0.0004,0.0204,0.0914,0.0003,0.1011,0.0004,0.1042,0.0030,0.0041,0.1896,0.0107,0.1295,0.0019,0.1859,0.0001
58,0.0209,0.0913,0.0004,0.1008,0.0003,0.1056,0.0026,0.0041,0.1897,0.0114,0.1286,0.0013,0.1863,0.0003,0.0208,0.0916,0.0001,0.1012,0.0003,0.1047,0.0026,0.0038,0.1902,0.0109,0.1287,0.0014,0.1862,0.0004
59,0.0204,0.0907,0.0004,0.1008,0.0001,0.1052,0.0034,0.0045,0.1894,0.0111,0.1287,0.0016,0.1862,0.0002,0.0206,0.0912,0.0002,0.1007,0.0003,0.1046,0.0025,0.0041,0.1900,0.0107,0.1292,0.0018,0.1862,0.0001
60,0.0200,0.0913,0.0001,0.1011,0.0004,0.1046,0.0030,0.0046,0.1896,0.0111,0.1288,0.0016,0.1862,0.0002,0.0201,0.0908,0.0006,0.1010,0.0002,0.1046,0.0026,0.0041,0.1894,0.0112,0.1289,0.0012,0.1855,0.0001
61,0.0211,0.0911,0.0001,0.1009,0.0003,0.1050,0.0022,0.0038,0.1895,0.0114,0.1284,0.0020,0.1860,0.0003,0.0197,0.0917,0.0004,0.1011,0.0002,0.1045,0.0026,0.0043,0.1900,0.0110,0.1295,0.0013,0.1861,0.0002
62,0.0201,0.0911,0.0002,0.1007,0.0003,0.1036,0.0024,0.0040,0.1899,0.0115,0.1293,0.0015,0.1860,0.0002,0.0205,0.0912,0.0004,0.1006,0.0002,0.1044,0.0032,0.0043,0.1892,0.0117,0.1295,0.0015,0.1865,0.0002
63,0.0199,0.0912,0.0002,0.1008,0.0005,0.1057,0.0025,0.0037,0.1894,0.0107,0.1292,0.0017,0.1864,0.0003,0.0204,0.0911,0.0005,0.1005,0.0002,0.1043,0.0027,0.0044,0.1902,0.0108,0.1293,0.0018,0.1864,0.0003
64,0.0200,0.0907,0.0003,0.1005,0.0002,0.1048,0.0027,0.0045,0.1901,0.0106,0.1293,0.0017,0.1860,0.0001,0.0201,0.0917,0.0003,0.1006,0.0005,0.1044,0.0030,0.0041,0.1895,0.0108,0.1294,0.0016,0.1852,0.0005
65,0.0199,0.0920,0.0004,0.1011,0.0003,0.1052,0.0027,0.0043,0.1895,0.0106,0.1286,0.0016,0.1861,0.0002,0.0198,0.0916,0.0003,0.1012,0.0002,0.1038,0.0027,0.0042,0.1901,0.0105,0.1294,0.0015,0.1863,0.0004
66,0.0207,0.0920,0.0003,0.1012,0.0003,0.1050,0.0034,0.0038,0.1893,0.0111,0.1293,0.0014,0.1865,0.0002,0.0210,0.0913,0.0005,0.1005,0.0002,0.1047,0.0027,0.0047,0.1898,0.0109,0.1290,0.0014,0.1859,0.0002
67,0.0202,0.0915,0.0002,0.1004,0.0002,0.1042,0.0027,0.0045,0.1894,0.0107,0.1294,0.0015,0.1857,0.0003,0.0197,0.0918,0.0001,0.1010,0.0004,0.1049,0.0030,0.0037,0.1897,0.0116,0.1296,0.0015,0.1861,0.0002
68,0.0205,0.0913,0.0002,0.1012,0.0003,0.1048,0.0024,0.0043,0.1898,0.0104,0.1295,0.0011,0.1865,0.0004,0.0200,0.0914,0.0004,0.1006,0.0005,0.1049,0.0026,0.0045,0.1900,0.0110,0.1288,0.0015,0.1861,0.0005
69,0.0202,0.0910,0.0003,0.1009,0.0002,0.1047,0.0027,0.0043,0.1894,0.0115,0.1283,0.0014,0.1860,0.0003,0.0203,0.0923,0.0002,0.1011,0.0003,0.1046,0.0021,0.0037,0.1897,0.0108,0.1295,0.0014,0.1860,0.0001
70,0.0205,0.0913,0.0002,0.1009,0.0002,0.1052,0.0025,0.0040,0.1898,0.0112,0.1296,0.0015,0.1857,0.0003,0.0202,0.0911,0.0003,0.1006,0.0003,0.1050,0.0026,0.0037,0.1898,0.0118,0.1288,0.0020,0.1861,0.0003
71,0.0197,0.0918,0.0003,0.1009,0.0002,0.1050,0.0029,0.0041,0.1899,0.0106,0.1293,0.0015,0.1861,0.0005,0.0207,0.0923,0.0005,0.1005,0.0005,0.1053,0.0026,0.0042,0.1903,0.0109,0.1290,0.0018,0.1856,0.0004
72,0.0211,0.0914,0.0003,0.1003,0.0002,0.1045,0.0027,0.0041,0.1896,0.0110,0.1293,0.0016,0.1856,0.0003,0.0205,0.0915,0.0005,0.1001,0.0003,0.1049,0.0029,0.0047,0.1900,0.0115,0.1287,0.0014,0.1862,0.0005
73,0.0199,0.0917,0.0004,0.1009,0.0003,0.1047,0.0030,0.0042,0.1900,0.0103,0.1290,0.0018,0.1862,0.0003,0.0200,0.0913,0.0004,0.1013,0.0004,0.1047,0.0026,0.0042,0.1893,0.0110,0.1291,0.0019,0.1865,0.0004
74,0.0206,0.0910,0.0005,0.1013,0.0003,0.1055,0.0030,0.0046,0.1900,0.0105,0.1290,0.0018,0.1863,0.0003,0.0200,0.0915,0.0003,0.1015,0.0003,0.1043,0.0028,0.0040,0.1894,0.0111,0.1295,0.0015,0.1857,0.0003
75,0.0199,0.0912,0.0001,0.1014,0.0004,0.1045,0.0023,0.0039,0.1903,0.0110,0.1286,0.0016,0.1857,0.0002,0.0210,0.0904,0.0002,0.1017,0.0003,0.1043,0.0024,0.0037,0.1902,0.0116,0.1286,0.0014,0.1862,0.0002
76,0.0247,0.0917,0.0051,0.1019,0.0048,0.1056,0.0080,0.0097,0.1893,0.0146,0.1301,0.0053,0.1849,0.0042,0.0233,0.0909,0.0089,0.1002,0.0120,0.1033,0.0118,0.0168,0.1903,0.0188,0.1283,0.0078,0.1859,0.0105
77,0.0217,0.0917,0.0042,0.1008,0.0030,0.1037,0.0080,0.0087,0.1901,0.0131,0.1289,0.0067,0.1859,0.0044,0.0221,0.0921,0.0060,0.1017,0.0040,0.1046,0.0072,0.0080,0.1897,0.0127,0.1296,0.0077,0.1867,0.0055
78,0.0215,0.0900,0.0043,0.1006,0.0045,0.1030,0.0078,0.0097,0.1902,0.0137,0.1281,0.0069,0.1856,0.0036,0.0218,0.0921,0.0039,0.1021,0.0041,0.1049,0.0078,0.0083,0.1886,0.0143,0.1286,0.0063,0.1858,0.0038
79,0.0212,0.0906,0.0044,0.1021,0.0043,0.1048,0.0077,0.0088,0.1894,0.0138,0.1287,0.0075,0.1854,0.0045,0.0225,0.0911,0.0038,0.1020,0.0040,0.1053,0.0080,0.0088,0.1878,0.0137,0.1295,0.0068,0.1852,0.0042
80,0.0196,0.0923,0.0040,0.1017,0.0043,0.1039,0.0089,0.0083,0.1902,0.0123,0.1315,0.0067,0.1860,0.0033,0.0219,0.0922,0.0045,0.1019,0.0037,0.1054,0.0081,0.0092,0.1905,0.0130,0.1290,0.0069,0.1870,0.0036
81,0.0242,0.0926,0.0082,0.1012,0.0054,0.1048,0.0085,0.0117,0.1903,0.0137,0.1288,0.0110,0.1861,0.0077,0.0246,0.0920,0.0098,0.1008,0.0074,0.1041,0.0088,0.0135,0.1891,0.0143,0.1298,0.0113,0.1865,0.0089
82,0.0281,0.0911,0.0164,0.0998,0.0146,0.1060,0.0161,0.0226,0.1915,0.0207,0.1301,0.0157,0.1891,0.0166,0.0289,0.0908,0.0078,0.1010,0.0083,0.1060,0.0154,0.0115,0.1893,0.0202,0.1289,0.0140,0.1851,0.0063
83,0.0205,0.0928,0.0036,0.1013,0.0047,0.1049,0.0069,0.0092,0.1901,0.0139,0.1284,0.0055,0.1867,0.0035,0.0221,0.0907,0.0045,0.1016,0.0042,0.1053,0.0077,0.0094,0.1892,0.0136,0.1293,0.0073,0.1870,0.0043
84,0.0212,0.0921,0.0053,0.1000,0.0037,0.1041,0.0070,0.0094,0.1890,0.0144,0.1284,0.0074,0.1857,0.0044,0.0206,0.0908,0.0039,0.1008,0.0045,0.1045,0.0077,0.0082,0.1905,0.0137,0.1300,0.0070,0.1853,0.0044
85,0.0213,0.0905,0.0052,0.0999,0.0043,0.1059,0.0081,0.0085,0.1892,0.0140,0.1291,0.0076,0.1873,0.0040,0.0226,0.0910,0.0036,0.1011,0.0054,0.1042,0.0091,0.0091,0.1888,0.0140,0.1285,0.0076,0.1849,0.0030
86,0.0302,0.0992,0.0132,0.0975,0.0163,0.1043,0.0160,0.0156,0.1921,0.0208,0.1239,0.0177,0.1867,0.0129,0.0273,0.0911,0.0092,0.0984,0.0099,0.1041,0.0126,0.0143,0.1893,0.0201,0.1305,0.0135,0.1879,0.0085
87,0.0234,0.0903,0.0052,0.1010,0.0059,0.1055,0.0096,0.0098,0.1885,0.0154,0.1281,0.0070,0.1847,0.0042,0.0231,0.0914,0.0071,0.1016,0.0072,0.1044,0.0101,0.0132,0.1911,0.0162,0.1289,0.0088,0.1863,0.0072
88,0.0238,0.0920,0.0043,0.1014,0.0057,0.1049,0.0076,0.0101,0.1901,0.0120,0.1288,0.0086,0.1871,0.0047,0.0232,0.0915,0.0068,0.1020,0.0066,0.1045,0.0100,0.0128,0.1891,0.0157,0.1298,0.0091,0.1855,0.0068
89,0.0226,0.0909,0.0053,0.1024,0.0057,0.1060,0.0090,0.0116,0.1899,0.0148,0.1296,0.0074,0.1860,0.0052,0.0247,0.0894,0.0066,0.1001,0.0061,0.1056,0.0099,0.0127,0.1892,0.0160,0.1287,0.0098,0.1877,0.0048
90,0.0232,0.0910,0.0070,0.1007,0.0059,0.1054,0.0109,0.0114,0.1890,0.0149,0.1285,0.0105,0.1878,0.0057,0.0280,0.0924,0.0089,0.1019,0.0083,0.1050,0.0148,0.0121,0.1895,0.0204,0.1313,0.0150,0.1870,0.0071
91,0.0314,0.0940,0.0146,0.1031,0.0175,0.1065,0.0222,0.0228,0.1893,0.0280,0.1307,0.0171,0.1839,0.0144,0.0262,0.0915,0.0091,0.0997,0.0064,0.1051,0.0106,0.0118,0.1892,0.0161,0.1284,0.0127,0.1852,0.0077
92,0.0216,0.0922,0.0036,0.0997,0.0036,0.1044,0.0038,0.0067,0.1889,0.0126,0.1283,0.0048,0.1861,0.0036,0.0202,0.0916,0.0003,0.1004,0.0003,0.1042,0.0030,0.0041,0.1897,0.0109,0.1288,0.0013,0.1861,0.0004
93,0.0211,0.0917,0.0002,0.1010,0.0001,0.1049,0.0025,0.0041,0.1900,0.0102,0.1289,0.0015,0.1862,0.0001,0.0209,0.0922,0.0003,0.1002,0.0004,0.1051,0.0025,0.0040,0.1892,0.0109,0.1291,0.0012,0.1860,0.0001
94,0.0205,0.0919,0.0002,0.1004,0.0002,0.1045,0.0028,0.0040,0.1899,0.0112,0.1285,0.0012,0.1866,0.0005,0.0209,0.0904,0.0001,0.1000,0.0001,0.1045,0.0027,0.0041,0.1895,0.0112,0.1290,0.0014,0.1858,0.0002
95,0.0198,0.0917,0.0002,0.1010,0.0005,0.1050,0.0024,0.0039,0.1904,0.0113,0.1285,0.0012,0.1863,0.0004,0.0198,0.0915,0.0002,0.1009,0.0004,0.1049,0.0028,0.0039,0.1896,0.0109,0.1287,0.0015,0.1863,0.0004
96,0.0205,0.0918,0.0002,0.1005,0.0005,0.1047,0.0027,0.0044,0.1904,0.0108,0.1292,0.0018,0.1859,0.0006,0.0205,0.0905,0.0003,0.1016,0.0003,0.1050,0.0026,0.0040,0.1897,0.0116,0.1284,0.0019,0.1864,0.0002
97,0.0193,0.0916,0.0005,0.1008,0.0005,0.1045,0.0028,0.0045,0.1903,0.0107,0.1278,0.0020,0.1860,0.0002,0.0269,0.0919,0.0092,0.0998,0.0114,0.1043,0.0131,0.0164,0.1921,0.0198,0.1278,0.0145,0.1848,0.0095
98,0.0225,0.0911,0.0034,0.1001,0.0051,0.1047,0.0094,0.0098,0.1888,0.0152,0.1293,0.0061,0.1865,0.0035,0.0253,0.0925,0.0084,0.0998,0.0046,0.1024,0.0118,0.0104,0.1892,0.0156,0.1315,0.0122,0.1860,0.0049
99,0.0244,0.0925,0.0082,0.0997,0.0078,0.1038,0.0113,0.0123,0.1891,0.0171,0.1275,0.0118,0.1846,0.0085,0.0229,0.0899,0.0075,0.1010,0.0051,0.1075,0.0127,0.0112,0.1885,0.0175,0.1305,0.0095,0.1843,0.0065
100,0.0247,0.0878,0.0060,0.1021,0.0075,0.1029,0.0120,0.0139,0.1900,0.0166,0.1293,0.0080,0.1842,0.0064,0.0225,0.0918,0.0066,0.0999,0.0083,0.1047,0.0105,0.0123,0.1903,0.0169,0.1278,0.0104,0.1869,0.0057
101,0.0242,0.0912,0.0060,0.1009,0.0080,0.1039,0.0100,0.0140,0.1901,0.0167,0.1283,0.0096,0.1857,0.0059,0.0219,0.0922,0.0077,0.1006,0.0083,0.1045,0.0088,0.0123,0.1920,0.0155,0.1284,0.0096,0.1871,0.0063
102,0.0244,0.0922,0.0082,0.1007,0.0071,0.1043,0.0116,0.0114,0.1900,0.0163,0.1280,0.0110,0.1872,0.0066,0.0250,0.0895,0.0065,0.1009,0.0065,0.1046,0.0118,0.0131,0.1884,0.0156,0.1290,0.0109,0.1842,0.0069
103,0.0217,0.0903,0.0078,0.1015,0.0062,0.1064,0.0107,0.0120,0.1902,0.0176,0.1282,0.0090,0.1867,0.0085,0.0230,0.0895,0.0072,0.1028,0.0083,0.1043,0.0120,0.0121,0.1870,0.0176,0.1305,0.0092,0.1846,0.0082
104,0.0240,0.0890,0.0066,0.1031,0.0081,0.1046,0.0122,0.0131,0.1895,0.0168,0.1287,0.0090,0.1850,0.0067,0.0253,0.0921,0.0080,0.1012,0.0071,0.1047,0.0110,0.0118,0.1913,0.0147,0.1305,0.0099,0.1883,0.0074
105,0.0228,0.0911,0.0069,0.1007,0.0078,0.1044,0.0094,0.0127,0.1894,0.0162,0.1293,0.0092,0.1859,0.0080,0.0224,0.0918,0.0051,0.1009,0.0047,0.1056,0.0077,0.0097,0.1900,0.0140,0.1298,0.0070,0.1858,0.0048
106,0.0257,0.0913,0.0057,0.1009,0.0085,0.1039,0.0135,0.0128,0.1897,0.0182,0.1289,0.0096,0.1866,0.0058,0.0251,0.0913,0.0074,0.1021,0.0104,0.1045,0.0115,0.0148,0.1897,0.0176,0.1287,0.0111,0.1858,0.0078
107,0.0209,0.0914,0.0004,0.1008,0.0004,0.1048,0.0029,0.0046,0.1899,0.0112,0.1295,0.0014,0.1862,0.0003,0.0201,0.0908,0.0002,0.1011,0.0003,0.1048,0.0031,0.0039,0.1898,0.0110,0.1291,0.0016,0.1862,0.0005
108,0.0206,0.0918,0.0004,0.1013,0.0003,0.1044,0.0028,0.0043,0.1897,0.0106,0.1291,0.0014,0.1864,0.0003,0.0199,0.0912,0.0002,0.1004,0.0003,0.1045,0.0025,0.0039,0.1902,0.0107,0.1286,0.0016,0.1856,0.0005
109,0.0200,0.0914,0.0002,0.1010,0.0002,0.1048,0.0033,0.0040,0.1897,0.0112,0.1286,0.0018,0.1856,0.0004,0.0205,0.0913,0.0002,0.1008,0.0003,0.1049,0.0026,0.0044,0.1899,0.0108,0.1286,0.0016,0.1856,0.0001
110,0.0204,0.0911,0.0001,0.1011,0.0003,0.1048,0.0023,0.0042,0.1897,0.0108,0.1282,0.0020,0.1856,0.0001,0.0207,0.0914,0.0002,0.1014,0.0002,0.1046,0.0022,0.0041,0.1895,0.0108,0.1289,0.0016,0.1859,0.0002
111,0.0201,0.0912,0.0002,0.1006,0.0003,0.1046,0.0027,0.0044,0.1898,0.0107,0.1283,0.0013,0.1854,0.0006,0.0199,0.0916,0.0004,0.1008,0.0003,0.1046,0.0029,0.0041,0.1900,0.0108,0.1286,0.0017,0.1855,0.0003
112,0.0210,0.0915,0.0003,0.1004,0.0003,0.1047,0.0025,0.0043,0.1897,0.0110,0.1288,0.0018,0.1855,0.0002,0.0204,0.0914,0.0001,0.1011,0.0004,0.1045,0.0027,0.0044,0.1897,0.0104,0.1292,0.0019,0.1862,0.0003
113,0.0203,0.0910,0.0004,0.1003,0.0002,0.1047,0.0026,0.0045,0.1900,0.0113,0.1283,0.0013,0.1855,0.0003,0.0272,0.0923,0.0076,0.1016,0.0080,0.1043,0.0104,0.0149,0.1886,0.0167,0.1304,0.0125,0.1867,0.0079
114,0.0287,0.0912,0.0086,0.1011,0.0085,0.1051,0.0158,0.0122,0.1900,0.0205,0.1284,0.0149,0.1850,0.0074,0.0212,0.0919,0.0033,0.1016,0.0040,0.1052,0.0068,0.0080,0.1894,0.0125,0.1286,0.0057,0.1862,0.0036
115,0.0242,0.0911,0.0056,0.0999,0.0069,0.1054,0.0096,0.0105,0.1884,0.0158,0.1286,0.0106,0.1865,0.0053,0.0216,0.0922,0.0044,0.1011,0.0040,0.1038,0.0073,0.0091,0.1889,0.0148,0.1278,0.0079,0.1857,0.0046
116,0.0218,0.0915,0.0038,0.1013,0.0049,0.1041,0.0081,0.0089,0.1900,0.0134,0.1291,0.0058,0.1855,0.0040,0.0207,0.0910,0.0043,0.1005,0.0042,0.1052,0.0085,0.0100,0.1885,0.0138,0.1283,0.0067,0.1862,0.0040
117,0.0217,0.0918,0.0042,0.1012,0.0044,0.1044,0.0085,0.0091,0.1899,0.0145,0.1280,0.0071,0.1850,0.0033,0.0216,0.0905,0.0048,0.1014,0.0046,0.1041,0.0074,0.0094,0.1891,0.0139,0.1283,0.0065,0.1851,0.0038
118,0.0198,0.0928,0.0039,0.1020,0.0036,0.1042,0.0074,0.0072,0.1921,0.0124,0.1296,0.0066,0.1870,0.0054,0.0238,0.0908,0.0079,0.1016,0.0068,0.1047,0.0096,0.0118,0.1901,0.0153,0.1285,0.0109,0.1865,0.0067
119,0.0283,0.0904,0.0096,0.1004,0.0062,0.1038,0.0143,0.0119,0.1895,0.0195,0.1296,0.0139,0.1852,0.0086,0.0233,0.0921,0.0064,0.1016,0.0044,0.1061,0.0078,0.0090,0.1896,0.0152,0.1279,0.0068,0.1859,0.0056
120,0.0206,0.0914,0.0003,0.1009,0.0002,0.1042,0.0030,0.0046,0.1894,0.0109,0.1291,0.0018,0.1857,0.0005,0.0202,0.0914,0.0002,0.1011,0.0004,0.1044,0.0027,0.0043,0.1898,0.0112,0.1287,0.0015,0.1857,0.0003
121,0.0208,0.0911,0.0003,0.1004,0.0003,0.1051,0.0027,0.0043,0.1895,0.0114,0.1296,0.0017,0.1859,0.0002,0.0204,0.0917,0.0003,0.1007,0.0002,0.1048,0.0028,0.0044,0.1894,0.0111,0.1293,0.0017,0.1863,0.0004
122,0.0202,0.0909,0.0004,0.1012,0.0005,0.1052,0.0029,0.0045,0.1888,0.0109,0.1286,0.0013,0.1860,0.0004,0.0209,0.0909,0.0003,0.1018,0.0003,0.1049,0.0026,0.0047,0.1893,0.0112,0.1292,0.0017,0.1862,0.0005
123,0.0212,0.0916,0.0004,0.1011,0.0003,0.1043,0.0025,0.0044,0.1894,0.0112,0.1290,0.0020,0.1857,0.0003,0.0206,0.0910,0.0004,0.1004,0.0003,0.1050,0.0033,0.0043,0.1895,0.0110,0.1288,0.0015,0.1854,0.0002
124,0.0204,0.0919,0.0003,0.1008,0.0002,0.1051,0.0030,0.0047,0.1896,0.0108,0.1289,0.0017,0.1861,0.0003,0.0207,0.0910,0.0002,0.1011,0.0003,0.1050,0.0027,0.0043,0.1892,0.0113,0.1291,0.0014,0.1853,0.0002
125,0.0201,0.0909,0.0003,0.1007,0.0003,0.1049,0.0030,0.0041,0.1900,0.0109,0.1278,0.0015,0.1863,0.0004,0.0197,0.0921,0.0003,0.1012,0.0003,0.1044,0.0027,0.0046,0.1892,0.0108,0.1283,0.0014,0.1857,0.0003
126,0.0200,0.0912,0.0003,0.1012,0.0003,0.1044,0.0024,0.0037,0.1891,0.0111,0.1288,0.0013,0.1864,0.0003,0.0197,0.0907,0.0002,0.1007,0.0003,0.1046,0.0029,0.0039,0.1896,0.0110,0.1286,0.0015,0.1863,0.0002
127,0.0200,0.0916,0.0001,0.1013,0.0001,0.1046,0.0025,0.0044,0.1903,0.0106,0.1286,0.0016,0.1860,0.0001,0.0207,0.0916,0.0002,0.1012,0.0001,0.1049,0.0026,0.0043,0.1893,0.0110,0.1292,0.0011,0.1855,0.0004
